[
    {
        "name": "sendgrid/php-http-client",
        "version": "3.10.0",
        "version_normalized": "3.10.0.0",
        "source": {
            "type": "git",
            "url": "https://github.com/sendgrid/php-http-client.git",
            "reference": "be68345f8849797e87c360bde7c71b23e76b67bc"
        },
        "dist": {
            "type": "zip",
            "url": "https://api.github.com/repos/sendgrid/php-http-client/zipball/be68345f8849797e87c360bde7c71b23e76b67bc",
            "reference": "be68345f8849797e87c360bde7c71b23e76b67bc",
            "shasum": ""
        },
        "require": {
            "php": ">=5.6"
        },
        "require-dev": {
            "phpunit/phpunit": "~4.4",
            "squizlabs/php_codesniffer": "~2.0"
        },
        "time": "2019-12-11T19:27:05+00:00",
        "type": "library",
        "installation-source": "dist",
        "autoload": {
            "psr-4": {
                "SendGrid\\": "lib/"
            }
        },
        "notification-url": "https://packagist.org/downloads/",
        "license": [
            "MIT"
        ],
        "authors": [
            {
                "name": "Matt Bernier",
                "email": "dx@sendgrid.com"
            },
            {
                "name": "Elmer Thomas",
                "email": "ethomas@twilio.com"
            }
        ],
        "description": "HTTP REST client, simplified for PHP",
        "homepage": "http://github.com/sendgrid/php-http-client",
        "keywords": [
            "api",
            "fluent",
            "http",
            "rest",
            "sendgrid"
        ]
    },
    {
        "name": "sendgrid/sendgrid",
        "version": "7.3.0",
        "version_normalized": "7.3.0.0",
        "source": {
            "type": "git",
            "url": "https://github.com/sendgrid/sendgrid-php.git",
            "reference": "37fa19d3ae019842f07a2a43e92ed0f566ad927d"
        },
        "dist": {
            "type": "zip",
            "url": "https://api.github.com/repos/sendgrid/sendgrid-php/zipball/37fa19d3ae019842f07a2a43e92ed0f566ad927d",
            "reference": "37fa19d3ae019842f07a2a43e92ed0f566ad927d",
            "shasum": ""
        },
        "require": {
            "ext-curl": "*",
            "ext-json": "*",
            "ext-mbstring": "*",
            "ext-openssl": "*",
            "php": ">=5.6",
            "sendgrid/php-http-client": "~3.9"
        },
        "replace": {
            "sendgrid/sendgrid-php": "*"
        },
        "require-dev": {
            "phpunit/phpunit": "^5.7.9 || ^6.4.3",
            "squizlabs/php_codesniffer": "3.*",
            "swaggest/json-diff": "^3.4"
        },
        "time": "2019-04-15T17:27:21+00:00",
        "type": "library",
        "installation-source": "dist",
        "autoload": {
            "psr-4": {
                "SendGrid\\": "lib/",
                "SendGrid\\Mail\\": "lib/mail/",
                "SendGrid\\Contacts\\": "lib/contacts/",
                "SendGrid\\Stats\\": "lib/stats/"
            },
            "files": [
                "lib/SendGrid.php"
            ]
        },
        "notification-url": "https://packagist.org/downloads/",
        "license": [
            "MIT"
        ],
        "description": "This library allows you to quickly and easily send emails through Twilio SendGrid using PHP.",
        "homepage": "http://github.com/sendgrid/sendgrid-php",
        "keywords": [
            "email",
            "grid",
            "send",
            "sendgrid",
            "twilio sendgrid"
        ]
    }
]
