SET FOREIGN_KEY_CHECKS=0;
SET SQL_MODE = "NO_AUTO_VALUE_ON_ZERO";
START TRANSACTION;

/*!40101 SET @OLD_CHARACTER_SET_CLIENT=@@CHARACTER_SET_CLIENT */;
/*!40101 SET @OLD_CHARACTER_SET_RESULTS=@@CHARACTER_SET_RESULTS */;
/*!40101 SET @OLD_COLLATION_CONNECTION=@@COLLATION_CONNECTION */;
/*!40101 SET NAMES utf8mb4 */;

CREATE DATABASE IF NOT EXISTS `QGarden` DEFAULT CHARACTER SET utf8 COLLATE utf8_unicode_ci;
USE `QGarden`;

DROP TABLE IF EXISTS `Banner`;
CREATE TABLE IF NOT EXISTS `Banner` (
  `BannerID` int(5) NOT NULL AUTO_INCREMENT,
  `BannerImage` varchar(200) COLLATE utf8_unicode_ci NOT NULL,
  `BannerStatus` tinyint(1) NOT NULL DEFAULT 0,
  PRIMARY KEY (`BannerID`)
) ENGINE=InnoDB AUTO_INCREMENT=4 DEFAULT CHARSET=utf8 COLLATE=utf8_unicode_ci;

INSERT INTO `Banner` (`BannerID`, `BannerImage`, `BannerStatus`) VALUES
(1, '/Banner/Banner_3_2.png', 1),
(2, '/Banner/Banner_2.jpg', 1),
(3, '/Banner/Banner_1.jpg', 1);

DROP TABLE IF EXISTS `Bill`;
CREATE TABLE IF NOT EXISTS `Bill` (
  `BillID` int(11) NOT NULL AUTO_INCREMENT,
  `BillOfUserID` int(5) DEFAULT NULL,
  `UserShippingAddress` varchar(200) COLLATE utf8_unicode_ci NOT NULL,
  `UserPhoneNumber` varchar(10) COLLATE utf8_unicode_ci NOT NULL,
  `UserMail` varchar(200) COLLATE utf8_unicode_ci NOT NULL,
  `BillStatus` tinyint(1) NOT NULL DEFAULT 0,
  `BillCreateDate` int(10) NOT NULL,
  `BillCompletedDate` int(10) DEFAULT NULL,
  `BillTotalCost` double(10,0) NOT NULL,
  `BillPaymentMethod` tinyint(1) NOT NULL DEFAULT 0,
  `UsedCouponID` int(5) DEFAULT NULL,
  PRIMARY KEY (`BillID`),
  KEY `FK_Bill_Of_UserID` (`BillOfUserID`),
  KEY `FK_Bill_Used_Coupon` (`UsedCouponID`)
) ENGINE=InnoDB AUTO_INCREMENT=16 DEFAULT CHARSET=utf8 COLLATE=utf8_unicode_ci;

INSERT INTO `Bill` (`BillID`, `BillOfUserID`, `UserShippingAddress`, `UserPhoneNumber`, `UserMail`, `BillStatus`, `BillCreateDate`, `BillCompletedDate`, `BillTotalCost`, `BillPaymentMethod`, `UsedCouponID`) VALUES
(1, 1, '196/11 Cong Hoa Street, 12 Ward, Tan Binh District', '0352251115', 'contact@lmsq.vn', 0, 1576458348, NULL, 4816800, 0, 1),
(2, 6, 'thủy lợi', '0339888961', 'an.lehonghcm1@gmail.com', 0, 1576512504, NULL, 106400, 0, 1),
(3, 6, 'thủy lợi', '0339888961', 'an.lehonghcm1@gmail.com', 0, 1576513008, NULL, 500000, 0, NULL),
(4, NULL, '', '0339888965', '', 0, 1576513808, NULL, 83520, 0, 1),
(5, NULL, '', '0339888965', '', 0, 1576514162, NULL, 60000, 0, 1),
(6, NULL, '', '0339888965', '', 0, 1576514185, NULL, 30000, 0, NULL),
(7, 1, '196/11 Cong Hoa Street, 12 Ward, Tan Binh District', '0352251115', 'contact@lmsq.vn', 0, 1576517708, NULL, 118000, 0, NULL),
(8, 1, '196/11 Cong Hoa Street, 12 Ward, Tan Binh District', '0352251115', 'leminhson2142@gmail.com', 0, 1576530441, NULL, 6360000, 0, NULL),
(9, 1, '196/11 Cong Hoa Street, 12 Ward, Tan Binh District', '0352251115', 'a8class.tvk@gmail.com', 0, 1576531101, NULL, 6360000, 0, NULL),
(10, NULL, '196/11 Cong Hoa Street, 12 Ward, Tan Binh District', '0352251113', 'leminhson2142@gmail.com', 0, 1576531754, NULL, 3210000, 0, NULL),
(11, 1, '196/11 Cong Hoa Street, 12 Ward, Tan Binh District', '0352251115', 'contact@lmsq.vn', 0, 1576531838, NULL, 6360000, 0, NULL),
(12, 1, '196/11 Cong Hoa Street, 12 Ward, Tan Binh District', '0352251115', 'contact@lmsq.vn', 0, 1576531847, NULL, 30000, 0, NULL),
(13, 6, '32 thủy lợi', '0339888961', 'an.lehonghcm1@gmail.com', 0, 1576553920, NULL, 6360000, 0, NULL),
(14, 1, '196/11 Cong Hoa Street, 12 Ward, Tan Binh District', '0352251115', 'an.lehonghcm1@gmail.com', 0, 1576557627, NULL, 3560000, 0, 4),
(15, 3, '196/11 Cong Hoa Street, 12 Ward, Tan Binh District', '0352251113', 'leminhson2142@gmail.com', 0, 1594480355, NULL, 955000, 0, 2);
DROP TRIGGER IF EXISTS `Is_Use_Default_User_Info`;
DELIMITER $$
CREATE TRIGGER `Is_Use_Default_User_Info` BEFORE INSERT ON `Bill` FOR EACH ROW BEGIN
    IF NEW.BillOfUserID IS NOT NULL THEN
        IF NEW.UserPhoneNumber IS NULL THEN
            UPDATE NEW, Users
            SET NEW.UserPhoneNumber = Users.UserPhoneNumber
            WHERE NEW.BillOfUserID = Users.UserID;
        END IF;

        IF NEW.UserShippingAddress IS NULL THEN
            UPDATE NEW, Users
            SET NEW.UserShippingAddress = Users.UserAddress
            WHERE NEW.BillOfUserID = Users.UserID;
        END IF;

        IF NEW.UserMail IS NULL THEN
            UPDATE NEW, Users
            SET NEW.UserMail = Users.UserMail
            WHERE NEW.BillOfUserID = Users.UserID;
        END IF;
    END IF;
END
$$
DELIMITER ;

DROP TABLE IF EXISTS `BillDetail`;
CREATE TABLE IF NOT EXISTS `BillDetail` (
  `BillDetailID` int(11) NOT NULL AUTO_INCREMENT,
  `BillID` int(11) NOT NULL,
  `ProductID` int(5) NOT NULL,
  `ProductCount` tinyint(1) NOT NULL DEFAULT 1,
  PRIMARY KEY (`BillDetailID`),
  KEY `FK_BillDetail_Of_BillID` (`BillID`),
  KEY `FK_BillDetail_Of_Bill_With_ProductID` (`ProductID`)
) ENGINE=InnoDB AUTO_INCREMENT=19 DEFAULT CHARSET=utf8 COLLATE=utf8_unicode_ci;

INSERT INTO `BillDetail` (`BillDetailID`, `BillID`, `ProductID`, `ProductCount`) VALUES
(5, 1, 3, 5),
(6, 1, 4, 10),
(7, 1, 6, 10),
(8, 2, 5, 1),
(9, 3, 6, 1),
(10, 4, 4, 1),
(11, 7, 5, 1),
(12, 8, 3, 10),
(13, 9, 3, 10),
(14, 10, 3, 5),
(15, 11, 3, 10),
(16, 13, 3, 10),
(17, 14, 15, 10),
(18, 15, 26, 10);
DROP TRIGGER IF EXISTS `Decrease_Bill_Total_Product`;
DELIMITER $$
CREATE TRIGGER `Decrease_Bill_Total_Product` AFTER INSERT ON `BillDetail` FOR EACH ROW BEGIN
    IF NEW.ProductID IS NOT NULL AND NEW.ProductCount >= 1 THEN
        UPDATE Products
        SET Products.ProductAvailable = Products.ProductAvailable - NEW.ProductCount
        WHERE Products.ProductID = NEW.ProductID;
    END IF;
END
$$
DELIMITER ;

DROP TABLE IF EXISTS `Category`;
CREATE TABLE IF NOT EXISTS `Category` (
  `CategoryID` int(4) NOT NULL AUTO_INCREMENT,
  `CategoryName` varchar(200) COLLATE utf8_unicode_ci NOT NULL,
  `CategoryURI` varchar(200) COLLATE utf8_unicode_ci DEFAULT '',
  `CategoryDefaultImage` varchar(200) COLLATE utf8_unicode_ci NOT NULL DEFAULT 'Default.png',
  `CategoryTotalProduct` int(5) NOT NULL DEFAULT 0,
  PRIMARY KEY (`CategoryID`)
) ENGINE=InnoDB AUTO_INCREMENT=7 DEFAULT CHARSET=utf8 COLLATE=utf8_unicode_ci;

INSERT INTO `Category` (`CategoryID`, `CategoryName`, `CategoryURI`, `CategoryDefaultImage`, `CategoryTotalProduct`) VALUES
(2, 'Cây Cảnh Để Bàn', '', '/Category/CategoryID2.jpg', 56),
(3, 'Dụng Cụ Cắt Tỉa', '', '/Category/QGF001-1.jpg', 4),
(4, 'Bình Thủy Tinh', '', '/Category/QGC004-3.jpg', 12),
(5, 'Thực Vật Bảo Mệnh', '', '/Category/CategoryID5.jpg', 5),
(6, 'Thực Vật Dây Leo', '', '/Category/QGA011.jpg', 12);

DROP TABLE IF EXISTS `Comments`;
CREATE TABLE IF NOT EXISTS `Comments` (
  `CommentID` int(11) NOT NULL AUTO_INCREMENT,
  `CommentContent` text COLLATE utf8_unicode_ci NOT NULL,
  `CommentOfUserID` int(5) NOT NULL,
  `CommentOnProductID` int(5) DEFAULT NULL,
  `CommentOnNewsID` int(5) DEFAULT NULL,
  `CommentReplyOnID` int(11) DEFAULT NULL,
  `CommentRatedStar` tinyint(1) DEFAULT NULL,
  `CommentCreatedDate` int(10) DEFAULT NULL,
  PRIMARY KEY (`CommentID`),
  KEY `FK_Commented_By_UserID` (`CommentOfUserID`),
  KEY `FK_Comment_On_ProductID` (`CommentOnProductID`),
  KEY `FK_Comment_On_NewsID` (`CommentOnNewsID`),
  KEY `FK_Rely_On_CommentID` (`CommentReplyOnID`)
) ENGINE=InnoDB AUTO_INCREMENT=43 DEFAULT CHARSET=utf8 COLLATE=utf8_unicode_ci;

INSERT INTO `Comments` (`CommentID`, `CommentContent`, `CommentOfUserID`, `CommentOnProductID`, `CommentOnNewsID`, `CommentReplyOnID`, `CommentRatedStar`, `CommentCreatedDate`) VALUES
(3, 'Pellentesque aliquet, sem eget laoreet ultrices, ipsum metus feugiat sem, quis fermentum turpis eros eget velit. Donec ac tempus ante. Fusce ultricies massa massa. Fusce aliquam, purus eget sagittis vulputate, sapien libero hendrerit est, sed commodo augue nisi non neque. Lorem ipsum dolor sit amet, consectetur adipiscing elit. Sed tempor, lorem et placerat vestibulum, metus nisi posuere nisl, in accumsan elit odio quis mi. Cras neque metus, consequat et blandit et, luctus a nunc. Etiam gravida vehicula tellus, in imperdiet ligula euismod eget.', 1, 1, NULL, NULL, 5, NULL),
(15, 'Pellentesque aliquet, sem eget laoreet ultrices, ipsum metus feugiat sem, quis fermentum turpis eros eget velit. Donec ac tempus ante. Fusce ultricies massa massa. Fusce aliquam, purus eget sagittis vulputate, sapien libero hendrerit est, sed commodo augue nisi non neque. Lorem ipsum dolor sit amet, consectetur adipiscing elit. Sed tempor, lorem et placerat vestibulum, metus nisi posuere nisl, in accumsan elit odio quis mi. Cras neque metus, consequat et blandit et, luctus a nunc. Etiam gravida vehicula tellus, in imperdiet ligula euismod eget.', 1, 1, NULL, NULL, 4, 1576172620),
(18, 'Pellentesque aliquet, sem eget laoreet ultrices, ipsum metus feugiat sem, quis fermentum turpis eros eget velit. Donec ac tempus ante. Fusce ultricies massa massa. Fusce aliquam, purus eget sagittis vulputate, sapien libero hendrerit est, sed commodo augue nisi non neque. Lorem ipsum dolor sit amet, consectetur adipiscing elit. Sed tempor, lorem et placerat vestibulum, metus nisi posuere nisl, in accumsan elit odio quis mi. Cras neque metus, consequat et blandit et, luctus a nunc. Etiam gravida vehicula tellus, in imperdiet ligula euismod eget.', 1, NULL, 2, NULL, 4, 1576172620),
(19, 'Pellentesque aliquet, sem eget laoreet ultrices, ipsum metus feugiat sem, quis fermentum turpis eros eget velit. Donec ac tempus ante. Fusce ultricies massa massa. Fusce aliquam, purus eget sagittis vulputate, sapien libero hendrerit est, sed commodo augue nisi non neque. Lorem ipsum dolor sit amet, consectetur adipiscing elit. Sed tempor, lorem et placerat vestibulum, metus nisi posuere nisl, in accumsan elit odio quis mi. Cras neque metus, consequat et blandit et, luctus a nunc. Etiam gravida vehicula tellus, in imperdiet ligula euismod eget.', 1, NULL, 2, NULL, 4, 1576172620),
(20, 'Pellentesque aliquet, sem eget laoreet ultrices, ipsum metus feugiat sem, quis fermentum turpis eros eget velit. Donec ac tempus ante. Fusce ultricies massa massa. Fusce aliquam, purus eget sagittis vulputate, sapien libero hendrerit est, sed commodo augue nisi non neque. Lorem ipsum dolor sit amet, consectetur adipiscing elit. Sed tempor, lorem et placerat vestibulum, metus nisi posuere nisl, in accumsan elit odio quis mi. Cras neque metus, consequat et blandit et, luctus a nunc. Etiam gravida vehicula tellus, in imperdiet ligula euismod eget.', 1, NULL, NULL, 19, 4, 1576172620),
(21, 'Pellentesque aliquet, sem eget laoreet ultrices, ipsum metus feugiat sem, quis fermentum turpis eros eget velit. Donec ac tempus ante. Fusce ultricies massa massa. Fusce aliquam, purus eget sagittis vulputate, sapien libero hendrerit est, sed commodo augue nisi non neque. Lorem ipsum dolor sit amet, consectetur adipiscing elit. Sed tempor, lorem et placerat vestibulum, metus nisi posuere nisl, in accumsan elit odio quis mi. Cras neque metus, consequat et blandit et, luctus a nunc. Etiam gravida vehicula tellus, in imperdiet ligula euismod eget.', 1, NULL, NULL, 19, 4, 1576172620),
(23, 'Pellentesque aliquet, sem eget laoreet ultrices, ipsum metus feugiat sem, quis fermentum turpis eros eget velit. Donec ac tempus ante. Fusce ultricies massa massa. Fusce aliquam, purus eget sagittis vulputate, sapien libero hendrerit est, sed commodo augue nisi non neque. Lorem ipsum dolor sit amet, consectetur adipiscing elit. Sed tempor, lorem et placerat vestibulum, metus nisi posuere nisl, in accumsan elit odio quis mi. Cras neque metus, consequat et blandit et, luctus a nunc. Etiam gravida vehicula tellus, in imperdiet ligula euismod eget.', 1, NULL, 3, NULL, NULL, 1576255229),
(24, 'Pellentesque aliquet, sem eget laoreet ultrices, ipsum metus feugiat sem, quis fermentum turpis eros eget velit. Donec ac tempus ante. Fusce ultricies massa massa. Fusce aliquam, purus eget sagittis vulputate, sapien libero hendrerit est, sed commodo augue nisi non neque. Lorem ipsum dolor sit amet, consectetur adipiscing elit. Sed tempor, lorem et placerat vestibulum, metus nisi posuere nisl, in accumsan elit odio quis mi. Cras neque metus, consequat et blandit et, luctus a nunc. Etiam gravida vehicula tellus, in imperdiet ligula euismod eget.', 1, NULL, 4, NULL, NULL, 1576255350),
(29, 'Pellentesque aliquet, sem eget laoreet ultrices, ipsum metus feugiat sem, quis fermentum turpis eros eget velit. Donec ac tempus ante. Fusce ultricies massa massa. Fusce aliquam, purus eget sagittis vulputate, sapien libero hendrerit est, sed commodo augue nisi non neque. Lorem ipsum dolor sit amet, consectetur adipiscing elit. Sed tempor, lorem et placerat vestibulum, metus nisi posuere nisl, in accumsan elit odio quis mi. Cras neque metus, consequat et blandit et, luctus a nunc. Etiam gravida vehicula tellus, in imperdiet ligula euismod eget.', 1, NULL, NULL, 24, NULL, 1576256197),
(37, 'Pellentesque aliquet, sem eget laoreet ultrices, ipsum metus feugiat sem, quis fermentum turpis eros eget velit. Donec ac tempus ante. Fusce ultricies massa massa. Fusce aliquam, purus eget sagittis vulputate, sapien libero hendrerit est, sed commodo augue nisi non neque. Lorem ipsum dolor sit amet, consectetur adipiscing elit. Sed tempor, lorem et placerat vestibulum, metus nisi posuere nisl, in accumsan elit odio quis mi. Cras neque metus, consequat et blandit et, luctus a nunc. Etiam gravida vehicula tellus, in imperdiet ligula euismod eget.', 1, 1, NULL, NULL, 5, 1576338338),
(38, '* Kích thước: 13 cm x 7.5 cm (cao x đường kính) * Phong thủy: Hợp mệnh Mộc, Hợp mệnh Thủy. * Đặc điểm: Cây sống không cần đất, sống được trong môi trường máy lạnh, ánh sáng đèn, giếng trời, cửa sổ… phát triển chậm, không cần nhiều dinh dưỡng. * Sản Phẩm bao gồm: Chậu cây; Hộp; Tag tên; HD chăm sóc.. * Bảo hành: 30 ngày * Thời gian sống: Trên 6 tháng. * Mục đích sử dụng: Trang trí, Quà tặng,…”', 6, 35, NULL, NULL, 1, 1576554008),
(39, '* Kích thước: 13 cm x 7.5 cm (cao x đường kính) * Phong thủy: Hợp mệnh Mộc, Hợp mệnh Thủy. * Đặc điểm: Cây sống không cần đất, sống được trong môi trường máy lạnh, ánh sáng đèn, giếng trời, cửa sổ… phát triển chậm, không cần nhiều dinh dưỡng. * Sản Phẩm bao gồm: Chậu cây; Hộp; Tag tên; HD chăm sóc.. * Bảo hành: 30 ngày * Thời gian sống: Trên 6 tháng. * Mục đích sử dụng: Trang trí, Quà tặng,…”', 6, 35, NULL, NULL, 5, 1576554077),
(40, 'Cây rất đẹp. Gía tốt giao hàng nhanh đúng giờ.', 3, 25, NULL, NULL, 5, 1594479767),
(41, 'Cây rất đẹp. Gía tốt giao hàng nhanh đúng giờ.', 3, 25, NULL, NULL, 5, 1594479783),
(42, 'Tốt', 3, 19, NULL, NULL, 5, 1594480317);

DROP TABLE IF EXISTS `Coupons`;
CREATE TABLE IF NOT EXISTS `Coupons` (
  `CouponID` int(5) NOT NULL AUTO_INCREMENT,
  `CouponCode` varchar(150) COLLATE utf8_unicode_ci NOT NULL,
  `CouponDiscount` tinyint(1) NOT NULL DEFAULT 10,
  `CreateDate` int(10) NOT NULL,
  `ExpireDate` int(10) NOT NULL,
  `CouponCreatedByAdminID` int(5) NOT NULL,
  PRIMARY KEY (`CouponID`),
  UNIQUE KEY `CouponCode` (`CouponCode`),
  KEY `FK_Coupon_Created_By_AdminID` (`CouponCreatedByAdminID`)
) ENGINE=InnoDB AUTO_INCREMENT=5 DEFAULT CHARSET=utf8 COLLATE=utf8_unicode_ci;

INSERT INTO `Coupons` (`CouponID`, `CouponCode`, `CouponDiscount`, `CreateDate`, `ExpireDate`, `CouponCreatedByAdminID`) VALUES
(1, 'LMSQNEW10', 10, 1576232968, 1576800000, 1),
(2, 'LMSQKHTT50', 50, 1576458254, 1609286400, 1),
(3, 'LMSQGOLD15', 15, 1576517432, 1576800000, 1),
(4, 'LMSQGOLD30', 30, 1576557445, 1576800000, 1);

DROP TABLE IF EXISTS `FlashSale`;
CREATE TABLE IF NOT EXISTS `FlashSale` (
  `SaleID` int(5) NOT NULL AUTO_INCREMENT,
  `ProductID` int(5) NOT NULL,
  `SaleCreateDate` int(10) NOT NULL,
  `SaleExpireDate` int(10) NOT NULL,
  `SaleCreatedByAdminID` int(5) NOT NULL,
  PRIMARY KEY (`SaleID`)
) ENGINE=InnoDB DEFAULT CHARSET=utf8 COLLATE=utf8_unicode_ci;

DROP TABLE IF EXISTS `News`;
CREATE TABLE IF NOT EXISTS `News` (
  `NewsID` int(5) NOT NULL AUTO_INCREMENT,
  `NewsTitle` varchar(200) COLLATE utf8_unicode_ci NOT NULL,
  `NewsPreview` text COLLATE utf8_unicode_ci NOT NULL,
  `NewsContent` text COLLATE utf8_unicode_ci NOT NULL,
  `NewsDefaultImage` varchar(200) COLLATE utf8_unicode_ci NOT NULL DEFAULT 'Default.png',
  `NewsCreateDate` int(10) NOT NULL,
  `NewsCreateByUserID` int(5) NOT NULL,
  `NewsTotalComment` int(5) NOT NULL DEFAULT 0,
  PRIMARY KEY (`NewsID`),
  KEY `FK_News_Create_By_UserID` (`NewsCreateByUserID`)
) ENGINE=InnoDB AUTO_INCREMENT=5 DEFAULT CHARSET=utf8 COLLATE=utf8_unicode_ci;

INSERT INTO `News` (`NewsID`, `NewsTitle`, `NewsPreview`, `NewsContent`, `NewsDefaultImage`, `NewsCreateDate`, `NewsCreateByUserID`, `NewsTotalComment`) VALUES
(2, '5 Thực Phẩm Tốt Cho Sức Khỏe', '5 loại thực phẩm dưới đây đã được nghiên cứu và chỉ ra rằng rất tốt cho thận, giúp thận phát triển khỏe mạnh, hoạt động bền bỉ.', '<p style=\"text-align: justify; margin: 0in 0in 15.0pt 0in;\"><span style=\"font-size: 13.0pt; font-family: \'Helvetica\',sans-serif; color: #333333;\">5 loại thực phẩm dưới đ&acirc;y đ&atilde; được nghi&ecirc;n cứu v&agrave; chỉ ra rằng rất tốt cho thận, gi&uacute;p thận ph&aacute;t triển khỏe mạnh, hoạt động bền bỉ.</span></p>\n<p style=\"text-align: justify; box-sizing: border-box; font-variant-ligatures: normal; font-variant-caps: normal; orphans: 2; widows: 2; -webkit-text-stroke-width: 0px; text-decoration-style: initial; text-decoration-color: initial; word-spacing: 0px; margin: 0in 0in 15.0pt 0in;\"><span style=\"box-sizing: border-box;\"><span style=\"font-size: 13.0pt; font-family: \'Helvetica\',sans-serif; color: #333333;\">Nếu được sử dụng thường xuy&ecirc;n trong c&aacute;c bữa ăn gia đ&igrave;nh, bạn sẽ c&oacute; vừa c&oacute; đủ dinh dưỡng, lại hỗ trợ thận l&agrave;m việc hiệu quả hơn đấy nh&eacute;.</span></span></p>\n<h1 style=\"text-align: justify; box-sizing: border-box; font-variant-ligatures: normal; font-variant-caps: normal; orphans: 2; widows: 2; -webkit-text-stroke-width: 0px; text-decoration-style: initial; text-decoration-color: initial; word-spacing: 0px; margin: 15.0pt 0in 7.5pt 0in;\"><span style=\"box-sizing: border-box;\"><strong style=\"box-sizing: border-box;\"><em><span style=\"font-size: 13.0pt; font-family: \'Helvetica\',sans-serif; color: #333333;\">5 thực phẩm v&agrave;ng cho thận lu&ocirc;n khỏe mạnh, kh&aacute;ng mọi bệnh tật n&ecirc;n c&oacute; trong thực đơn bữa cơm gia đ&igrave;nh bạn mỗi ng&agrave;y</span></em></strong></span></h1>\n<p style=\"text-align: center; box-sizing: border-box; font-variant-ligatures: normal; font-variant-caps: normal; orphans: 2; widows: 2; -webkit-text-stroke-width: 0px; text-decoration-style: initial; text-decoration-color: initial; word-spacing: 0px; margin: 0in 0in 15.0pt 0in;\" align=\"center\"><img src=\"https://file.organica.vn/uploads/filecloud/2018/September/19/1484-353801537342686-1537342686.png\" /></p>\n<p style=\"text-align: justify; box-sizing: border-box; font-variant-ligatures: normal; font-variant-caps: normal; orphans: 2; widows: 2; -webkit-text-stroke-width: 0px; text-decoration-style: initial; text-decoration-color: initial; word-spacing: 0px; margin: 0in 0in 15.0pt 0in;\"><span style=\"font-size: 10.5pt; font-family: \'Helvetica\',sans-serif; color: #333333;\">&nbsp;</span></p>\n<p style=\"text-align: justify; box-sizing: border-box; font-variant-ligatures: normal; font-variant-caps: normal; orphans: 2; widows: 2; -webkit-text-stroke-width: 0px; text-decoration-style: initial; text-decoration-color: initial; word-spacing: 0px; margin: 0in 0in 15.0pt 0in;\"><span style=\"box-sizing: border-box;\"><strong style=\"box-sizing: border-box;\"><span style=\"font-size: 13.0pt; font-family: \'Helvetica\',sans-serif; color: green;\">1/ Ớt chu&ocirc;ng đỏ</span></strong></span></p>\n<p style=\"text-align: justify; box-sizing: border-box; font-variant-ligatures: normal; font-variant-caps: normal; orphans: 2; widows: 2; -webkit-text-stroke-width: 0px; text-decoration-style: initial; text-decoration-color: initial; word-spacing: 0px; margin: 0in 0in 15.0pt 0in;\"><span style=\"box-sizing: border-box;\"><span style=\"font-size: 13.0pt; font-family: \'Helvetica\',sans-serif; color: #333333;\">C&aacute;c nghi&ecirc;n cứu đ&atilde; chỉ rằng, nếu h&agrave;m lượng Kali trong cơ thể qu&aacute; cao, sẽ g&acirc;y ra hiện tượng kh&oacute; đ&agrave;o thải ở thận, dẫn đến nguy cơ g&acirc;y bệnh thận m&atilde;n t&iacute;nh.</span></span></p>\n<p style=\"text-align: justify; box-sizing: border-box; font-variant-ligatures: normal; font-variant-caps: normal; orphans: 2; widows: 2; -webkit-text-stroke-width: 0px; text-decoration-style: initial; text-decoration-color: initial; word-spacing: 0px; margin: 0in 0in 15.0pt 0in;\"><span style=\"box-sizing: border-box;\"><span style=\"font-size: 13.0pt; font-family: \'Helvetica\',sans-serif; color: #333333;\">Trong khi đ&oacute;, ớt chu&ocirc;ng đỏ lại chứa h&agrave;m lượng Kali thấp hơn, kh&ocirc;ng vượt qu&aacute; hạn mức cần thiết cho cơ thể, n&ecirc;n rất th&acirc;n thiện với thận.</span></span></p>\n<p style=\"text-align: justify; box-sizing: border-box; font-variant-ligatures: normal; font-variant-caps: normal; orphans: 2; widows: 2; -webkit-text-stroke-width: 0px; text-decoration-style: initial; text-decoration-color: initial; word-spacing: 0px; margin: 0in 0in 15.0pt 0in;\"><span style=\"box-sizing: border-box;\"><span style=\"font-size: 13.0pt; font-family: \'Helvetica\',sans-serif; color: #333333;\">Ngo&agrave;i ra, trong ớt chu&ocirc;ng c&ograve;n chứa c&aacute;c chất chống oxy h&oacute;a như vitamin C, A v&agrave; B6, c&aacute;c chất dinh dưỡng kh&aacute;c như axit folic v&agrave; chất xơ tốt cho sức khoẻ tổng thể.</span></span></p>\n<p style=\"text-align: center; box-sizing: border-box; font-variant-ligatures: normal; font-variant-caps: normal; orphans: 2; widows: 2; -webkit-text-stroke-width: 0px; text-decoration-style: initial; text-decoration-color: initial; word-spacing: 0px; margin: 0in 0in 15.0pt 0in;\" align=\"center\"><span style=\"box-sizing: border-box;\"><span style=\"box-sizing: border-box;\"><img style=\"text-align: justify;\" src=\"https://file.organica.vn/uploads/filecloud/2018/September/19/1482-741201537342686-1537342686.png\" /><span style=\"font-size: 13.0pt; font-family: \'Helvetica\',sans-serif; color: #333333;\">&nbsp;</span></span></span></p>\n<p style=\"text-align: justify; box-sizing: border-box; font-variant-ligatures: normal; font-variant-caps: normal; orphans: 2; widows: 2; -webkit-text-stroke-width: 0px; text-decoration-style: initial; text-decoration-color: initial; word-spacing: 0px; margin: 0in 0in 15.0pt 0in;\"><span style=\"box-sizing: border-box;\"><strong style=\"box-sizing: border-box;\"><span style=\"font-size: 13.0pt; font-family: \'Helvetica\',sans-serif; color: green;\">2/ Bắp cải</span></strong></span></p>\n<p style=\"text-align: justify; box-sizing: border-box; font-variant-ligatures: normal; font-variant-caps: normal; orphans: 2; widows: 2; -webkit-text-stroke-width: 0px; text-decoration-style: initial; text-decoration-color: initial; word-spacing: 0px; margin: 0in 0in 15.0pt 0in;\"><span style=\"box-sizing: border-box;\"><span style=\"font-size: 13.0pt; font-family: \'Helvetica\',sans-serif; color: #333333;\">Ngo&agrave;i ớt chu&ocirc;ng th&igrave; bắp cải cũng l&agrave; một trong những loại thực phẩm &iacute;t chứa Kali, c&oacute; lợi cho thận v&agrave; gan.</span></span></p>\n<p style=\"text-align: justify; box-sizing: border-box; font-variant-ligatures: normal; font-variant-caps: normal; orphans: 2; widows: 2; -webkit-text-stroke-width: 0px; text-decoration-style: initial; text-decoration-color: initial; word-spacing: 0px; margin: 0in 0in 15.0pt 0in;\"><span style=\"box-sizing: border-box;\"><span style=\"font-size: 13.0pt; font-family: \'Helvetica\',sans-serif; color: #333333;\">B&ecirc;n cạnh đ&oacute;, bắp cải cũng l&agrave; nguồn cung cấp dồi d&agrave;o chất phytochemical, gi&uacute;p chống lại c&aacute;c gốc tự do g&acirc;y ra c&aacute;c bệnh m&atilde;n t&iacute;nh như ung thư.</span></span></p>\n<p style=\"text-align: justify; box-sizing: border-box; font-variant-ligatures: normal; font-variant-caps: normal; orphans: 2; widows: 2; -webkit-text-stroke-width: 0px; text-decoration-style: initial; text-decoration-color: initial; word-spacing: 0px; margin: 0in 0in 15.0pt 0in;\"><span style=\"box-sizing: border-box;\"><span style=\"font-size: 13.0pt; font-family: \'Helvetica\',sans-serif; color: #333333;\">C&aacute;c dưỡng chất kh&aacute;c được t&igrave;m thấy trong bắp cải phải kể đến như: Vitamin B6, K, C, axit folic v&agrave; chất xơ.</span></span></p>\n<p style=\"text-align: justify; box-sizing: border-box; font-variant-ligatures: normal; font-variant-caps: normal; orphans: 2; widows: 2; -webkit-text-stroke-width: 0px; text-decoration-style: initial; text-decoration-color: initial; word-spacing: 0px; margin: 0in 0in 15.0pt 0in;\"><span style=\"box-sizing: border-box;\"><span style=\"font-size: 13.0pt; font-family: \'Helvetica\',sans-serif; color: #333333;\">Đ&acirc;y cũng l&agrave; điểm mạnh khiến bắp cải thường xuy&ecirc;n xuất hiện trong khẩu phần ăn của những người bị c&aacute;c bệnh về thận.</span></span></p>\n<p style=\"text-align: center; box-sizing: border-box; font-variant-ligatures: normal; font-variant-caps: normal; orphans: 2; widows: 2; -webkit-text-stroke-width: 0px; text-decoration-style: initial; text-decoration-color: initial; word-spacing: 0px; margin: 0in 0in 15.0pt 0in;\" align=\"center\"><span style=\"box-sizing: border-box;\"><span style=\"font-size: 13.0pt; font-family: \'Helvetica\',sans-serif; color: #333333;\">&nbsp;</span></span><img style=\"text-align: justify;\" src=\"https://file.organica.vn/uploads/filecloud/2018/September/19/1483-997871537342686-1537342686.png\" /></p>\n<p style=\"text-align: justify; box-sizing: border-box; font-variant-ligatures: normal; font-variant-caps: normal; orphans: 2; widows: 2; -webkit-text-stroke-width: 0px; text-decoration-style: initial; text-decoration-color: initial; word-spacing: 0px; margin: 0in 0in 15.0pt 0in;\"><span style=\"box-sizing: border-box;\"><strong style=\"box-sizing: border-box;\"><span style=\"font-size: 13.0pt; font-family: \'Helvetica\',sans-serif; color: green;\">3/ S&uacute;p lơ</span></strong></span></p>\n<p style=\"text-align: justify; box-sizing: border-box; font-variant-ligatures: normal; font-variant-caps: normal; orphans: 2; widows: 2; -webkit-text-stroke-width: 0px; text-decoration-style: initial; text-decoration-color: initial; word-spacing: 0px; margin: 0in 0in 15.0pt 0in;\"><span style=\"box-sizing: border-box;\"><span style=\"font-size: 13.0pt; font-family: \'Helvetica\',sans-serif; color: #333333;\">Axit folic v&agrave; chất xơ l&agrave; những chất gi&uacute;p l&agrave;m sạch thận v&agrave; tăng cường sức khỏe cũng được t&igrave;m thấy kh&aacute; nhiều trong s&uacute;p lơ.</span></span></p>\n<p style=\"text-align: justify; box-sizing: border-box; font-variant-ligatures: normal; font-variant-caps: normal; orphans: 2; widows: 2; -webkit-text-stroke-width: 0px; text-decoration-style: initial; text-decoration-color: initial; word-spacing: 0px; margin: 0in 0in 15.0pt 0in;\"><span style=\"box-sizing: border-box;\"><span style=\"font-size: 13.0pt; font-family: \'Helvetica\',sans-serif; color: #333333;\">Cũng thuộc họ nh&agrave; cải, s&uacute;p lơ cũng l&agrave; một sự lựa chọn tuyệt vời cho chế độ ăn uống th&acirc;n thiện với thận.</span></span></p>\n<p style=\"text-align: justify; box-sizing: border-box; font-variant-ligatures: normal; font-variant-caps: normal; orphans: 2; widows: 2; -webkit-text-stroke-width: 0px; text-decoration-style: initial; text-decoration-color: initial; word-spacing: 0px; margin: 0in 0in 15.0pt 0in;\"><span style=\"box-sizing: border-box;\"><span style=\"font-size: 13.0pt; font-family: \'Helvetica\',sans-serif; color: #333333;\">V&agrave; cũng giống như nhiều loại rau củ kh&aacute;c trong họ nh&agrave; cải, h&agrave;m lượng Kali trong s&uacute;p lơ cũng rất &iacute;t, giảm thiểu nguy cơ g&acirc;y ra c&aacute;c bệnh thận m&atilde;n t&iacute;nh cho cơ thể.</span></span></p>\n<p style=\"text-align: center; box-sizing: border-box; font-variant-ligatures: normal; font-variant-caps: normal; orphans: 2; widows: 2; -webkit-text-stroke-width: 0px; text-decoration-style: initial; text-decoration-color: initial; word-spacing: 0px; margin: 0in 0in 15.0pt 0in;\" align=\"center\"><span style=\"box-sizing: border-box;\"><span style=\"font-size: 13.0pt; font-family: \'Helvetica\',sans-serif; color: #333333;\">&nbsp;</span></span><img style=\"text-align: justify;\" src=\"https://file.organica.vn/uploads/filecloud/2018/September/19/1480-889101537342685-1537342685.png\" /></p>\n<p style=\"text-align: justify; box-sizing: border-box; font-variant-ligatures: normal; font-variant-caps: normal; orphans: 2; widows: 2; -webkit-text-stroke-width: 0px; text-decoration-style: initial; text-decoration-color: initial; word-spacing: 0px; margin: 0in 0in 15.0pt 0in;\"><span style=\"box-sizing: border-box;\"><strong style=\"box-sizing: border-box;\"><span style=\"font-size: 13.0pt; font-family: \'Helvetica\',sans-serif; color: green;\">4 / Cải xoăn</span></strong></span></p>\n<p style=\"text-align: justify; box-sizing: border-box; font-variant-ligatures: normal; font-variant-caps: normal; orphans: 2; widows: 2; -webkit-text-stroke-width: 0px; text-decoration-style: initial; text-decoration-color: initial; word-spacing: 0px; margin: 0in 0in 15.0pt 0in;\"><span style=\"box-sizing: border-box;\"><span style=\"font-size: 13.0pt; font-family: \'Helvetica\',sans-serif; color: #333333;\">Nếu đ&atilde; n&oacute;i đến nh&oacute;m thực phẩm &iacute;t Kali chắc chắn kh&ocirc;ng thể bỏ qua Cải xoăn &ndash; một loại cải rải c&oacute; lợi cho thận thường được sử dụng trong khẩu phẩn ăn d&agrave;nh cho người mắc bệnh thận.</span></span></p>\n<p style=\"text-align: justify; box-sizing: border-box; font-variant-ligatures: normal; font-variant-caps: normal; orphans: 2; widows: 2; -webkit-text-stroke-width: 0px; text-decoration-style: initial; text-decoration-color: initial; word-spacing: 0px; margin: 0in 0in 15.0pt 0in;\"><span style=\"box-sizing: border-box;\"><span style=\"font-size: 13.0pt; font-family: \'Helvetica\',sans-serif; color: #333333;\">Theo Tổ chức thận quốc gia, cải xoăn chứa nhiều vitamin A, vitamin C, canxi v&agrave; c&aacute;c kho&aacute;ng chất quan trọng kh&aacute;c hỗ trợ chức năng thận.</span></span></p>\n<p style=\"text-align: center; box-sizing: border-box; font-variant-ligatures: normal; font-variant-caps: normal; orphans: 2; widows: 2; -webkit-text-stroke-width: 0px; text-decoration-style: initial; text-decoration-color: initial; word-spacing: 0px; margin: 0in 0in 15.0pt 0in;\" align=\"center\"><span style=\"box-sizing: border-box;\"><span style=\"font-size: 13.0pt; font-family: \'Helvetica\',sans-serif; color: #333333;\">&nbsp;</span></span><img style=\"text-align: justify;\" src=\"https://file.organica.vn/uploads/filecloud/2018/September/19/1481-934021537342685-1537342685.png\" /></p>\n<p style=\"text-align: justify; box-sizing: border-box; font-variant-ligatures: normal; font-variant-caps: normal; orphans: 2; widows: 2; -webkit-text-stroke-width: 0px; text-decoration-style: initial; text-decoration-color: initial; word-spacing: 0px; margin: 0in 0in 15.0pt 0in;\"><span style=\"box-sizing: border-box;\"><strong style=\"box-sizing: border-box;\"><span style=\"font-size: 13.0pt; font-family: \'Helvetica\',sans-serif; color: green;\">5/ Đậu H&agrave; Lan v&agrave; đậu xanh</span></strong></span></p>\n<p style=\"text-align: justify; box-sizing: border-box; font-variant-ligatures: normal; font-variant-caps: normal; orphans: 2; widows: 2; -webkit-text-stroke-width: 0px; text-decoration-style: initial; text-decoration-color: initial; word-spacing: 0px; margin: 0in 0in 15.0pt 0in;\"><span style=\"box-sizing: border-box;\"><span style=\"font-size: 13.0pt; font-family: \'Helvetica\',sans-serif; color: #333333;\">Kh&ocirc;ng chỉ chứa lượng Kali thấp, đậu H&agrave; Lan v&agrave; đậu xanh c&ograve;n l&agrave; nguồn cung cấp chất xơ tuyệt vời cho những người mắc c&aacute;c bệnh về thận.</span></span></p>\n<p style=\"text-align: justify; box-sizing: border-box; font-variant-ligatures: normal; font-variant-caps: normal; orphans: 2; widows: 2; -webkit-text-stroke-width: 0px; text-decoration-style: initial; text-decoration-color: initial; word-spacing: 0px; margin: 0in 0in 15.0pt 0in;\"><span style=\"box-sizing: border-box;\"><span style=\"font-size: 13.0pt; font-family: \'Helvetica\',sans-serif; color: #333333;\">Chất xơ đ&oacute;ng vai tr&ograve; như &ldquo;kẻ ph&aacute;n xử&rdquo;, gi&uacute;p c&acirc;n bằng lượng đường trong m&aacute;u, hạn chế g&acirc;y ra tăng c&acirc;n qu&aacute; mức v&agrave; bệnh tiểu đường. Đ&acirc;y đều l&agrave; những nguy&ecirc;n nh&acirc;n ch&iacute;nh g&acirc;y ra c&aacute;c bệnh về thận ở người lớn tuổi.</span></span></p>\n<p style=\"text-align: center; box-sizing: border-box; font-variant-ligatures: normal; font-variant-caps: normal; orphans: 2; widows: 2; -webkit-text-stroke-width: 0px; text-decoration-style: initial; text-decoration-color: initial; word-spacing: 0px; margin: 0in 0in 15.0pt 0in;\" align=\"center\"><span style=\"box-sizing: border-box;\"><span style=\"font-size: 13.0pt; font-family: \'Helvetica\',sans-serif; color: #333333;\">&nbsp;<span style=\"box-sizing: border-box;\"><span style=\"mso-no-proof: yes;\"><!-- [if gte vml 1]><v:shape id=\"Picture_x0020_7\"\n o:spid=\"_x0000_i1025\" type=\"#_x0000_t75\" style=\'width:450pt;height:282.6pt;\n visibility:visible;mso-wrap-style:square\'>\n <v:imagedata src=\"file:///C:/Users/Jeremy/AppData/Local/Temp/msohtmlclip1/01/clip_image011.png\"\n  o:title=\"\"/>\n</v:shape><![endif]--><!-- [if !vml]--><img src=\"https://file.organica.vn/uploads/filecloud/2018/September/19/1481-934021537342685-1537342685.png\" width=\"600\" height=\"377\" /><!--[endif]--></span></span></span></span></p>\n<p style=\"text-align: justify; box-sizing: border-box; font-variant-ligatures: normal; font-variant-caps: normal; orphans: 2; widows: 2; -webkit-text-stroke-width: 0px; text-decoration-style: initial; text-decoration-color: initial; word-spacing: 0px; margin: 0in 0in 15.0pt 0in;\"><span style=\"box-sizing: border-box;\"><em style=\"box-sizing: border-box;\"><span style=\"font-size: 13.0pt; font-family: \'Helvetica\',sans-serif; color: #333333;\">Vậy l&agrave; với những chia sẻ tr&ecirc;n đ&acirc;y, bạn đ&atilde; biết th&ecirc;m về 5 loại thực phẩm v&agrave;ng gi&uacute;p tăng cường sức khỏe v&agrave; khả năng hoạt động tốt cho thận rồi phải kh&ocirc;ng n&agrave;o?</span></em></span></p>\n<p style=\"text-align: justify; box-sizing: border-box; font-variant-ligatures: normal; font-variant-caps: normal; orphans: 2; widows: 2; -webkit-text-stroke-width: 0px; text-decoration-style: initial; text-decoration-color: initial; word-spacing: 0px; margin: 0in 0in 15.0pt 0in;\"><span style=\"box-sizing: border-box;\"><em style=\"box-sizing: border-box;\"><span style=\"font-size: 13.0pt; font-family: \'Helvetica\',sans-serif; color: #333333;\">Nếu nh&agrave; bạn đang c&oacute; người phải điều trị c&aacute;c bệnh về thận, đừng qu&ecirc;n bổ sung 5 loại thực phẩm n&agrave;y v&agrave;o bữa ăn để gi&uacute;p người th&acirc;n nhanh ch&oacute;ng khỏe mạnh v&agrave; lấy lại c&acirc;n bằng cho thận nh&eacute;.</span></em></span></p>\n<p class=\"MsoNormal\">&nbsp;</p>', '/News/QG001.jpg', 1563811200, 1, 0),
(3, '5 Thực Phẩm Tốt Cho Sức Khỏe', '5 loại thực phẩm dưới đây đã được nghiên cứu và chỉ ra rằng rất tốt cho thận, giúp thận phát triển khỏe mạnh, hoạt động bền bỉ.', '<p style=\"text-align: justify; margin: 0in 0in 15.0pt 0in;\"><span style=\"font-size: 13.0pt; font-family: \'Helvetica\',sans-serif; color: #333333;\">5 loại thực phẩm dưới đ&acirc;y đ&atilde; được nghi&ecirc;n cứu v&agrave; chỉ ra rằng rất tốt cho thận, gi&uacute;p thận ph&aacute;t triển khỏe mạnh, hoạt động bền bỉ.</span></p>\r\n<p style=\"text-align: justify; box-sizing: border-box; font-variant-ligatures: normal; font-variant-caps: normal; orphans: 2; widows: 2; -webkit-text-stroke-width: 0px; text-decoration-style: initial; text-decoration-color: initial; word-spacing: 0px; margin: 0in 0in 15.0pt 0in;\"><span style=\"box-sizing: border-box;\"><span style=\"font-size: 13.0pt; font-family: \'Helvetica\',sans-serif; color: #333333;\">Nếu được sử dụng thường xuy&ecirc;n trong c&aacute;c bữa ăn gia đ&igrave;nh, bạn sẽ c&oacute; vừa c&oacute; đủ dinh dưỡng, lại hỗ trợ thận l&agrave;m việc hiệu quả hơn đấy nh&eacute;.</span></span></p>\r\n<h1 style=\"text-align: justify; box-sizing: border-box; font-variant-ligatures: normal; font-variant-caps: normal; orphans: 2; widows: 2; -webkit-text-stroke-width: 0px; text-decoration-style: initial; text-decoration-color: initial; word-spacing: 0px; margin: 15.0pt 0in 7.5pt 0in;\"><span style=\"box-sizing: border-box;\"><strong style=\"box-sizing: border-box;\"><em><span style=\"font-size: 13.0pt; font-family: \'Helvetica\',sans-serif; color: #333333;\">5 thực phẩm v&agrave;ng cho thận lu&ocirc;n khỏe mạnh, kh&aacute;ng mọi bệnh tật n&ecirc;n c&oacute; trong thực đơn bữa cơm gia đ&igrave;nh bạn mỗi ng&agrave;y</span></em></strong></span></h1>\r\n<p style=\"text-align: center; box-sizing: border-box; font-variant-ligatures: normal; font-variant-caps: normal; orphans: 2; widows: 2; -webkit-text-stroke-width: 0px; text-decoration-style: initial; text-decoration-color: initial; word-spacing: 0px; margin: 0in 0in 15.0pt 0in;\" align=\"center\"><img src=\"https://file.organica.vn/uploads/filecloud/2018/September/19/1484-353801537342686-1537342686.png\" /></p>\r\n<p style=\"text-align: justify; box-sizing: border-box; font-variant-ligatures: normal; font-variant-caps: normal; orphans: 2; widows: 2; -webkit-text-stroke-width: 0px; text-decoration-style: initial; text-decoration-color: initial; word-spacing: 0px; margin: 0in 0in 15.0pt 0in;\"><span style=\"font-size: 10.5pt; font-family: \'Helvetica\',sans-serif; color: #333333;\">&nbsp;</span></p>\r\n<p style=\"text-align: justify; box-sizing: border-box; font-variant-ligatures: normal; font-variant-caps: normal; orphans: 2; widows: 2; -webkit-text-stroke-width: 0px; text-decoration-style: initial; text-decoration-color: initial; word-spacing: 0px; margin: 0in 0in 15.0pt 0in;\"><span style=\"box-sizing: border-box;\"><strong style=\"box-sizing: border-box;\"><span style=\"font-size: 13.0pt; font-family: \'Helvetica\',sans-serif; color: green;\">1/ Ớt chu&ocirc;ng đỏ</span></strong></span></p>\r\n<p style=\"text-align: justify; box-sizing: border-box; font-variant-ligatures: normal; font-variant-caps: normal; orphans: 2; widows: 2; -webkit-text-stroke-width: 0px; text-decoration-style: initial; text-decoration-color: initial; word-spacing: 0px; margin: 0in 0in 15.0pt 0in;\"><span style=\"box-sizing: border-box;\"><span style=\"font-size: 13.0pt; font-family: \'Helvetica\',sans-serif; color: #333333;\">C&aacute;c nghi&ecirc;n cứu đ&atilde; chỉ rằng, nếu h&agrave;m lượng Kali trong cơ thể qu&aacute; cao, sẽ g&acirc;y ra hiện tượng kh&oacute; đ&agrave;o thải ở thận, dẫn đến nguy cơ g&acirc;y bệnh thận m&atilde;n t&iacute;nh.</span></span></p>\r\n<p style=\"text-align: justify; box-sizing: border-box; font-variant-ligatures: normal; font-variant-caps: normal; orphans: 2; widows: 2; -webkit-text-stroke-width: 0px; text-decoration-style: initial; text-decoration-color: initial; word-spacing: 0px; margin: 0in 0in 15.0pt 0in;\"><span style=\"box-sizing: border-box;\"><span style=\"font-size: 13.0pt; font-family: \'Helvetica\',sans-serif; color: #333333;\">Trong khi đ&oacute;, ớt chu&ocirc;ng đỏ lại chứa h&agrave;m lượng Kali thấp hơn, kh&ocirc;ng vượt qu&aacute; hạn mức cần thiết cho cơ thể, n&ecirc;n rất th&acirc;n thiện với thận.</span></span></p>\r\n<p style=\"text-align: justify; box-sizing: border-box; font-variant-ligatures: normal; font-variant-caps: normal; orphans: 2; widows: 2; -webkit-text-stroke-width: 0px; text-decoration-style: initial; text-decoration-color: initial; word-spacing: 0px; margin: 0in 0in 15.0pt 0in;\"><span style=\"box-sizing: border-box;\"><span style=\"font-size: 13.0pt; font-family: \'Helvetica\',sans-serif; color: #333333;\">Ngo&agrave;i ra, trong ớt chu&ocirc;ng c&ograve;n chứa c&aacute;c chất chống oxy h&oacute;a như vitamin C, A v&agrave; B6, c&aacute;c chất dinh dưỡng kh&aacute;c như axit folic v&agrave; chất xơ tốt cho sức khoẻ tổng thể.</span></span></p>\r\n<p style=\"text-align: center; box-sizing: border-box; font-variant-ligatures: normal; font-variant-caps: normal; orphans: 2; widows: 2; -webkit-text-stroke-width: 0px; text-decoration-style: initial; text-decoration-color: initial; word-spacing: 0px; margin: 0in 0in 15.0pt 0in;\" align=\"center\"><span style=\"box-sizing: border-box;\"><span style=\"box-sizing: border-box;\"><img style=\"text-align: justify;\" src=\"https://file.organica.vn/uploads/filecloud/2018/September/19/1482-741201537342686-1537342686.png\" /><span style=\"font-size: 13.0pt; font-family: \'Helvetica\',sans-serif; color: #333333;\">&nbsp;</span></span></span></p>\r\n<p style=\"text-align: justify; box-sizing: border-box; font-variant-ligatures: normal; font-variant-caps: normal; orphans: 2; widows: 2; -webkit-text-stroke-width: 0px; text-decoration-style: initial; text-decoration-color: initial; word-spacing: 0px; margin: 0in 0in 15.0pt 0in;\"><span style=\"box-sizing: border-box;\"><strong style=\"box-sizing: border-box;\"><span style=\"font-size: 13.0pt; font-family: \'Helvetica\',sans-serif; color: green;\">2/ Bắp cải</span></strong></span></p>\r\n<p style=\"text-align: justify; box-sizing: border-box; font-variant-ligatures: normal; font-variant-caps: normal; orphans: 2; widows: 2; -webkit-text-stroke-width: 0px; text-decoration-style: initial; text-decoration-color: initial; word-spacing: 0px; margin: 0in 0in 15.0pt 0in;\"><span style=\"box-sizing: border-box;\"><span style=\"font-size: 13.0pt; font-family: \'Helvetica\',sans-serif; color: #333333;\">Ngo&agrave;i ớt chu&ocirc;ng th&igrave; bắp cải cũng l&agrave; một trong những loại thực phẩm &iacute;t chứa Kali, c&oacute; lợi cho thận v&agrave; gan.</span></span></p>\r\n<p style=\"text-align: justify; box-sizing: border-box; font-variant-ligatures: normal; font-variant-caps: normal; orphans: 2; widows: 2; -webkit-text-stroke-width: 0px; text-decoration-style: initial; text-decoration-color: initial; word-spacing: 0px; margin: 0in 0in 15.0pt 0in;\"><span style=\"box-sizing: border-box;\"><span style=\"font-size: 13.0pt; font-family: \'Helvetica\',sans-serif; color: #333333;\">B&ecirc;n cạnh đ&oacute;, bắp cải cũng l&agrave; nguồn cung cấp dồi d&agrave;o chất phytochemical, gi&uacute;p chống lại c&aacute;c gốc tự do g&acirc;y ra c&aacute;c bệnh m&atilde;n t&iacute;nh như ung thư.</span></span></p>\r\n<p style=\"text-align: justify; box-sizing: border-box; font-variant-ligatures: normal; font-variant-caps: normal; orphans: 2; widows: 2; -webkit-text-stroke-width: 0px; text-decoration-style: initial; text-decoration-color: initial; word-spacing: 0px; margin: 0in 0in 15.0pt 0in;\"><span style=\"box-sizing: border-box;\"><span style=\"font-size: 13.0pt; font-family: \'Helvetica\',sans-serif; color: #333333;\">C&aacute;c dưỡng chất kh&aacute;c được t&igrave;m thấy trong bắp cải phải kể đến như: Vitamin B6, K, C, axit folic v&agrave; chất xơ.</span></span></p>\r\n<p style=\"text-align: justify; box-sizing: border-box; font-variant-ligatures: normal; font-variant-caps: normal; orphans: 2; widows: 2; -webkit-text-stroke-width: 0px; text-decoration-style: initial; text-decoration-color: initial; word-spacing: 0px; margin: 0in 0in 15.0pt 0in;\"><span style=\"box-sizing: border-box;\"><span style=\"font-size: 13.0pt; font-family: \'Helvetica\',sans-serif; color: #333333;\">Đ&acirc;y cũng l&agrave; điểm mạnh khiến bắp cải thường xuy&ecirc;n xuất hiện trong khẩu phần ăn của những người bị c&aacute;c bệnh về thận.</span></span></p>\r\n<p style=\"text-align: center; box-sizing: border-box; font-variant-ligatures: normal; font-variant-caps: normal; orphans: 2; widows: 2; -webkit-text-stroke-width: 0px; text-decoration-style: initial; text-decoration-color: initial; word-spacing: 0px; margin: 0in 0in 15.0pt 0in;\" align=\"center\"><span style=\"box-sizing: border-box;\"><span style=\"font-size: 13.0pt; font-family: \'Helvetica\',sans-serif; color: #333333;\">&nbsp;</span></span><img style=\"text-align: justify;\" src=\"https://file.organica.vn/uploads/filecloud/2018/September/19/1483-997871537342686-1537342686.png\" /></p>\r\n<p style=\"text-align: justify; box-sizing: border-box; font-variant-ligatures: normal; font-variant-caps: normal; orphans: 2; widows: 2; -webkit-text-stroke-width: 0px; text-decoration-style: initial; text-decoration-color: initial; word-spacing: 0px; margin: 0in 0in 15.0pt 0in;\"><span style=\"box-sizing: border-box;\"><strong style=\"box-sizing: border-box;\"><span style=\"font-size: 13.0pt; font-family: \'Helvetica\',sans-serif; color: green;\">3/ S&uacute;p lơ</span></strong></span></p>\r\n<p style=\"text-align: justify; box-sizing: border-box; font-variant-ligatures: normal; font-variant-caps: normal; orphans: 2; widows: 2; -webkit-text-stroke-width: 0px; text-decoration-style: initial; text-decoration-color: initial; word-spacing: 0px; margin: 0in 0in 15.0pt 0in;\"><span style=\"box-sizing: border-box;\"><span style=\"font-size: 13.0pt; font-family: \'Helvetica\',sans-serif; color: #333333;\">Axit folic v&agrave; chất xơ l&agrave; những chất gi&uacute;p l&agrave;m sạch thận v&agrave; tăng cường sức khỏe cũng được t&igrave;m thấy kh&aacute; nhiều trong s&uacute;p lơ.</span></span></p>\r\n<p style=\"text-align: justify; box-sizing: border-box; font-variant-ligatures: normal; font-variant-caps: normal; orphans: 2; widows: 2; -webkit-text-stroke-width: 0px; text-decoration-style: initial; text-decoration-color: initial; word-spacing: 0px; margin: 0in 0in 15.0pt 0in;\"><span style=\"box-sizing: border-box;\"><span style=\"font-size: 13.0pt; font-family: \'Helvetica\',sans-serif; color: #333333;\">Cũng thuộc họ nh&agrave; cải, s&uacute;p lơ cũng l&agrave; một sự lựa chọn tuyệt vời cho chế độ ăn uống th&acirc;n thiện với thận.</span></span></p>\r\n<p style=\"text-align: justify; box-sizing: border-box; font-variant-ligatures: normal; font-variant-caps: normal; orphans: 2; widows: 2; -webkit-text-stroke-width: 0px; text-decoration-style: initial; text-decoration-color: initial; word-spacing: 0px; margin: 0in 0in 15.0pt 0in;\"><span style=\"box-sizing: border-box;\"><span style=\"font-size: 13.0pt; font-family: \'Helvetica\',sans-serif; color: #333333;\">V&agrave; cũng giống như nhiều loại rau củ kh&aacute;c trong họ nh&agrave; cải, h&agrave;m lượng Kali trong s&uacute;p lơ cũng rất &iacute;t, giảm thiểu nguy cơ g&acirc;y ra c&aacute;c bệnh thận m&atilde;n t&iacute;nh cho cơ thể.</span></span></p>\r\n<p style=\"text-align: center; box-sizing: border-box; font-variant-ligatures: normal; font-variant-caps: normal; orphans: 2; widows: 2; -webkit-text-stroke-width: 0px; text-decoration-style: initial; text-decoration-color: initial; word-spacing: 0px; margin: 0in 0in 15.0pt 0in;\" align=\"center\"><span style=\"box-sizing: border-box;\"><span style=\"font-size: 13.0pt; font-family: \'Helvetica\',sans-serif; color: #333333;\">&nbsp;</span></span><img style=\"text-align: justify;\" src=\"https://file.organica.vn/uploads/filecloud/2018/September/19/1480-889101537342685-1537342685.png\" /></p>\r\n<p style=\"text-align: justify; box-sizing: border-box; font-variant-ligatures: normal; font-variant-caps: normal; orphans: 2; widows: 2; -webkit-text-stroke-width: 0px; text-decoration-style: initial; text-decoration-color: initial; word-spacing: 0px; margin: 0in 0in 15.0pt 0in;\"><span style=\"box-sizing: border-box;\"><strong style=\"box-sizing: border-box;\"><span style=\"font-size: 13.0pt; font-family: \'Helvetica\',sans-serif; color: green;\">4 / Cải xoăn</span></strong></span></p>\r\n<p style=\"text-align: justify; box-sizing: border-box; font-variant-ligatures: normal; font-variant-caps: normal; orphans: 2; widows: 2; -webkit-text-stroke-width: 0px; text-decoration-style: initial; text-decoration-color: initial; word-spacing: 0px; margin: 0in 0in 15.0pt 0in;\"><span style=\"box-sizing: border-box;\"><span style=\"font-size: 13.0pt; font-family: \'Helvetica\',sans-serif; color: #333333;\">Nếu đ&atilde; n&oacute;i đến nh&oacute;m thực phẩm &iacute;t Kali chắc chắn kh&ocirc;ng thể bỏ qua Cải xoăn &ndash; một loại cải rải c&oacute; lợi cho thận thường được sử dụng trong khẩu phẩn ăn d&agrave;nh cho người mắc bệnh thận.</span></span></p>\r\n<p style=\"text-align: justify; box-sizing: border-box; font-variant-ligatures: normal; font-variant-caps: normal; orphans: 2; widows: 2; -webkit-text-stroke-width: 0px; text-decoration-style: initial; text-decoration-color: initial; word-spacing: 0px; margin: 0in 0in 15.0pt 0in;\"><span style=\"box-sizing: border-box;\"><span style=\"font-size: 13.0pt; font-family: \'Helvetica\',sans-serif; color: #333333;\">Theo Tổ chức thận quốc gia, cải xoăn chứa nhiều vitamin A, vitamin C, canxi v&agrave; c&aacute;c kho&aacute;ng chất quan trọng kh&aacute;c hỗ trợ chức năng thận.</span></span></p>\r\n<p style=\"text-align: center; box-sizing: border-box; font-variant-ligatures: normal; font-variant-caps: normal; orphans: 2; widows: 2; -webkit-text-stroke-width: 0px; text-decoration-style: initial; text-decoration-color: initial; word-spacing: 0px; margin: 0in 0in 15.0pt 0in;\" align=\"center\"><span style=\"box-sizing: border-box;\"><span style=\"font-size: 13.0pt; font-family: \'Helvetica\',sans-serif; color: #333333;\">&nbsp;</span></span><img style=\"text-align: justify;\" src=\"https://file.organica.vn/uploads/filecloud/2018/September/19/1481-934021537342685-1537342685.png\" /></p>\r\n<p style=\"text-align: justify; box-sizing: border-box; font-variant-ligatures: normal; font-variant-caps: normal; orphans: 2; widows: 2; -webkit-text-stroke-width: 0px; text-decoration-style: initial; text-decoration-color: initial; word-spacing: 0px; margin: 0in 0in 15.0pt 0in;\"><span style=\"box-sizing: border-box;\"><strong style=\"box-sizing: border-box;\"><span style=\"font-size: 13.0pt; font-family: \'Helvetica\',sans-serif; color: green;\">5/ Đậu H&agrave; Lan v&agrave; đậu xanh</span></strong></span></p>\r\n<p style=\"text-align: justify; box-sizing: border-box; font-variant-ligatures: normal; font-variant-caps: normal; orphans: 2; widows: 2; -webkit-text-stroke-width: 0px; text-decoration-style: initial; text-decoration-color: initial; word-spacing: 0px; margin: 0in 0in 15.0pt 0in;\"><span style=\"box-sizing: border-box;\"><span style=\"font-size: 13.0pt; font-family: \'Helvetica\',sans-serif; color: #333333;\">Kh&ocirc;ng chỉ chứa lượng Kali thấp, đậu H&agrave; Lan v&agrave; đậu xanh c&ograve;n l&agrave; nguồn cung cấp chất xơ tuyệt vời cho những người mắc c&aacute;c bệnh về thận.</span></span></p>\r\n<p style=\"text-align: justify; box-sizing: border-box; font-variant-ligatures: normal; font-variant-caps: normal; orphans: 2; widows: 2; -webkit-text-stroke-width: 0px; text-decoration-style: initial; text-decoration-color: initial; word-spacing: 0px; margin: 0in 0in 15.0pt 0in;\"><span style=\"box-sizing: border-box;\"><span style=\"font-size: 13.0pt; font-family: \'Helvetica\',sans-serif; color: #333333;\">Chất xơ đ&oacute;ng vai tr&ograve; như &ldquo;kẻ ph&aacute;n xử&rdquo;, gi&uacute;p c&acirc;n bằng lượng đường trong m&aacute;u, hạn chế g&acirc;y ra tăng c&acirc;n qu&aacute; mức v&agrave; bệnh tiểu đường. Đ&acirc;y đều l&agrave; những nguy&ecirc;n nh&acirc;n ch&iacute;nh g&acirc;y ra c&aacute;c bệnh về thận ở người lớn tuổi.</span></span></p>\r\n<p style=\"text-align: center; box-sizing: border-box; font-variant-ligatures: normal; font-variant-caps: normal; orphans: 2; widows: 2; -webkit-text-stroke-width: 0px; text-decoration-style: initial; text-decoration-color: initial; word-spacing: 0px; margin: 0in 0in 15.0pt 0in;\" align=\"center\"><span style=\"box-sizing: border-box;\"><span style=\"font-size: 13.0pt; font-family: \'Helvetica\',sans-serif; color: #333333;\">&nbsp;<span style=\"box-sizing: border-box;\"><span style=\"mso-no-proof: yes;\"><!-- [if gte vml 1]><v:shape id=\"Picture_x0020_7\"\r\n o:spid=\"_x0000_i1025\" type=\"#_x0000_t75\" style=\'width:450pt;height:282.6pt;\r\n visibility:visible;mso-wrap-style:square\'>\r\n <v:imagedata src=\"file:///C:/Users/Jeremy/AppData/Local/Temp/msohtmlclip1/01/clip_image011.png\"\r\n  o:title=\"\"/>\r\n</v:shape><![endif]--><!-- [if !vml]--><img src=\"https://file.organica.vn/uploads/filecloud/2018/September/19/1481-934021537342685-1537342685.png\" width=\"600\" height=\"377\" /><!--[endif]--></span></span></span></span></p>\r\n<p style=\"text-align: justify; box-sizing: border-box; font-variant-ligatures: normal; font-variant-caps: normal; orphans: 2; widows: 2; -webkit-text-stroke-width: 0px; text-decoration-style: initial; text-decoration-color: initial; word-spacing: 0px; margin: 0in 0in 15.0pt 0in;\"><span style=\"box-sizing: border-box;\"><em style=\"box-sizing: border-box;\"><span style=\"font-size: 13.0pt; font-family: \'Helvetica\',sans-serif; color: #333333;\">Vậy l&agrave; với những chia sẻ tr&ecirc;n đ&acirc;y, bạn đ&atilde; biết th&ecirc;m về 5 loại thực phẩm v&agrave;ng gi&uacute;p tăng cường sức khỏe v&agrave; khả năng hoạt động tốt cho thận rồi phải kh&ocirc;ng n&agrave;o?</span></em></span></p>\r\n<p style=\"text-align: justify; box-sizing: border-box; font-variant-ligatures: normal; font-variant-caps: normal; orphans: 2; widows: 2; -webkit-text-stroke-width: 0px; text-decoration-style: initial; text-decoration-color: initial; word-spacing: 0px; margin: 0in 0in 15.0pt 0in;\"><span style=\"box-sizing: border-box;\"><em style=\"box-sizing: border-box;\"><span style=\"font-size: 13.0pt; font-family: \'Helvetica\',sans-serif; color: #333333;\">Nếu nh&agrave; bạn đang c&oacute; người phải điều trị c&aacute;c bệnh về thận, đừng qu&ecirc;n bổ sung 5 loại thực phẩm n&agrave;y v&agrave;o bữa ăn để gi&uacute;p người th&acirc;n nhanh ch&oacute;ng khỏe mạnh v&agrave; lấy lại c&acirc;n bằng cho thận nh&eacute;.</span></em></span></p>\r\n<p class=\"MsoNormal\">&nbsp;</p>', '/News/NewsID1.jpg', 1563811200, 1, 0);
INSERT INTO `News` (`NewsID`, `NewsTitle`, `NewsPreview`, `NewsContent`, `NewsDefaultImage`, `NewsCreateDate`, `NewsCreateByUserID`, `NewsTotalComment`) VALUES
(4, '5 Thực Phẩm Tốt Cho Sức Khỏe', '5 loại thực phẩm dưới đây đã được nghiên cứu và chỉ ra rằng rất tốt cho thận, giúp thận phát triển khỏe mạnh, hoạt động bền bỉ.', '<p style=\"text-align: justify; margin: 0in 0in 15.0pt 0in;\"><span style=\"font-size: 13.0pt; font-family: \'Helvetica\',sans-serif; color: #333333;\">5 loại thực phẩm dưới đ&acirc;y đ&atilde; được nghi&ecirc;n cứu v&agrave; chỉ ra rằng rất tốt cho thận, gi&uacute;p thận ph&aacute;t triển khỏe mạnh, hoạt động bền bỉ.</span></p>\r\n<p style=\"text-align: justify; box-sizing: border-box; font-variant-ligatures: normal; font-variant-caps: normal; orphans: 2; widows: 2; -webkit-text-stroke-width: 0px; text-decoration-style: initial; text-decoration-color: initial; word-spacing: 0px; margin: 0in 0in 15.0pt 0in;\"><span style=\"box-sizing: border-box;\"><span style=\"font-size: 13.0pt; font-family: \'Helvetica\',sans-serif; color: #333333;\">Nếu được sử dụng thường xuy&ecirc;n trong c&aacute;c bữa ăn gia đ&igrave;nh, bạn sẽ c&oacute; vừa c&oacute; đủ dinh dưỡng, lại hỗ trợ thận l&agrave;m việc hiệu quả hơn đấy nh&eacute;.</span></span></p>\r\n<h1 style=\"text-align: justify; box-sizing: border-box; font-variant-ligatures: normal; font-variant-caps: normal; orphans: 2; widows: 2; -webkit-text-stroke-width: 0px; text-decoration-style: initial; text-decoration-color: initial; word-spacing: 0px; margin: 15.0pt 0in 7.5pt 0in;\"><span style=\"box-sizing: border-box;\"><strong style=\"box-sizing: border-box;\"><em><span style=\"font-size: 13.0pt; font-family: \'Helvetica\',sans-serif; color: #333333;\">5 thực phẩm v&agrave;ng cho thận lu&ocirc;n khỏe mạnh, kh&aacute;ng mọi bệnh tật n&ecirc;n c&oacute; trong thực đơn bữa cơm gia đ&igrave;nh bạn mỗi ng&agrave;y</span></em></strong></span></h1>\r\n<p style=\"text-align: center; box-sizing: border-box; font-variant-ligatures: normal; font-variant-caps: normal; orphans: 2; widows: 2; -webkit-text-stroke-width: 0px; text-decoration-style: initial; text-decoration-color: initial; word-spacing: 0px; margin: 0in 0in 15.0pt 0in;\" align=\"center\"><img src=\"https://file.organica.vn/uploads/filecloud/2018/September/19/1484-353801537342686-1537342686.png\" /></p>\r\n<p style=\"text-align: justify; box-sizing: border-box; font-variant-ligatures: normal; font-variant-caps: normal; orphans: 2; widows: 2; -webkit-text-stroke-width: 0px; text-decoration-style: initial; text-decoration-color: initial; word-spacing: 0px; margin: 0in 0in 15.0pt 0in;\"><span style=\"font-size: 10.5pt; font-family: \'Helvetica\',sans-serif; color: #333333;\">&nbsp;</span></p>\r\n<p style=\"text-align: justify; box-sizing: border-box; font-variant-ligatures: normal; font-variant-caps: normal; orphans: 2; widows: 2; -webkit-text-stroke-width: 0px; text-decoration-style: initial; text-decoration-color: initial; word-spacing: 0px; margin: 0in 0in 15.0pt 0in;\"><span style=\"box-sizing: border-box;\"><strong style=\"box-sizing: border-box;\"><span style=\"font-size: 13.0pt; font-family: \'Helvetica\',sans-serif; color: green;\">1/ Ớt chu&ocirc;ng đỏ</span></strong></span></p>\r\n<p style=\"text-align: justify; box-sizing: border-box; font-variant-ligatures: normal; font-variant-caps: normal; orphans: 2; widows: 2; -webkit-text-stroke-width: 0px; text-decoration-style: initial; text-decoration-color: initial; word-spacing: 0px; margin: 0in 0in 15.0pt 0in;\"><span style=\"box-sizing: border-box;\"><span style=\"font-size: 13.0pt; font-family: \'Helvetica\',sans-serif; color: #333333;\">C&aacute;c nghi&ecirc;n cứu đ&atilde; chỉ rằng, nếu h&agrave;m lượng Kali trong cơ thể qu&aacute; cao, sẽ g&acirc;y ra hiện tượng kh&oacute; đ&agrave;o thải ở thận, dẫn đến nguy cơ g&acirc;y bệnh thận m&atilde;n t&iacute;nh.</span></span></p>\r\n<p style=\"text-align: justify; box-sizing: border-box; font-variant-ligatures: normal; font-variant-caps: normal; orphans: 2; widows: 2; -webkit-text-stroke-width: 0px; text-decoration-style: initial; text-decoration-color: initial; word-spacing: 0px; margin: 0in 0in 15.0pt 0in;\"><span style=\"box-sizing: border-box;\"><span style=\"font-size: 13.0pt; font-family: \'Helvetica\',sans-serif; color: #333333;\">Trong khi đ&oacute;, ớt chu&ocirc;ng đỏ lại chứa h&agrave;m lượng Kali thấp hơn, kh&ocirc;ng vượt qu&aacute; hạn mức cần thiết cho cơ thể, n&ecirc;n rất th&acirc;n thiện với thận.</span></span></p>\r\n<p style=\"text-align: justify; box-sizing: border-box; font-variant-ligatures: normal; font-variant-caps: normal; orphans: 2; widows: 2; -webkit-text-stroke-width: 0px; text-decoration-style: initial; text-decoration-color: initial; word-spacing: 0px; margin: 0in 0in 15.0pt 0in;\"><span style=\"box-sizing: border-box;\"><span style=\"font-size: 13.0pt; font-family: \'Helvetica\',sans-serif; color: #333333;\">Ngo&agrave;i ra, trong ớt chu&ocirc;ng c&ograve;n chứa c&aacute;c chất chống oxy h&oacute;a như vitamin C, A v&agrave; B6, c&aacute;c chất dinh dưỡng kh&aacute;c như axit folic v&agrave; chất xơ tốt cho sức khoẻ tổng thể.</span></span></p>\r\n<p style=\"text-align: center; box-sizing: border-box; font-variant-ligatures: normal; font-variant-caps: normal; orphans: 2; widows: 2; -webkit-text-stroke-width: 0px; text-decoration-style: initial; text-decoration-color: initial; word-spacing: 0px; margin: 0in 0in 15.0pt 0in;\" align=\"center\"><span style=\"box-sizing: border-box;\"><span style=\"box-sizing: border-box;\"><img style=\"text-align: justify;\" src=\"https://file.organica.vn/uploads/filecloud/2018/September/19/1482-741201537342686-1537342686.png\" /><span style=\"font-size: 13.0pt; font-family: \'Helvetica\',sans-serif; color: #333333;\">&nbsp;</span></span></span></p>\r\n<p style=\"text-align: justify; box-sizing: border-box; font-variant-ligatures: normal; font-variant-caps: normal; orphans: 2; widows: 2; -webkit-text-stroke-width: 0px; text-decoration-style: initial; text-decoration-color: initial; word-spacing: 0px; margin: 0in 0in 15.0pt 0in;\"><span style=\"box-sizing: border-box;\"><strong style=\"box-sizing: border-box;\"><span style=\"font-size: 13.0pt; font-family: \'Helvetica\',sans-serif; color: green;\">2/ Bắp cải</span></strong></span></p>\r\n<p style=\"text-align: justify; box-sizing: border-box; font-variant-ligatures: normal; font-variant-caps: normal; orphans: 2; widows: 2; -webkit-text-stroke-width: 0px; text-decoration-style: initial; text-decoration-color: initial; word-spacing: 0px; margin: 0in 0in 15.0pt 0in;\"><span style=\"box-sizing: border-box;\"><span style=\"font-size: 13.0pt; font-family: \'Helvetica\',sans-serif; color: #333333;\">Ngo&agrave;i ớt chu&ocirc;ng th&igrave; bắp cải cũng l&agrave; một trong những loại thực phẩm &iacute;t chứa Kali, c&oacute; lợi cho thận v&agrave; gan.</span></span></p>\r\n<p style=\"text-align: justify; box-sizing: border-box; font-variant-ligatures: normal; font-variant-caps: normal; orphans: 2; widows: 2; -webkit-text-stroke-width: 0px; text-decoration-style: initial; text-decoration-color: initial; word-spacing: 0px; margin: 0in 0in 15.0pt 0in;\"><span style=\"box-sizing: border-box;\"><span style=\"font-size: 13.0pt; font-family: \'Helvetica\',sans-serif; color: #333333;\">B&ecirc;n cạnh đ&oacute;, bắp cải cũng l&agrave; nguồn cung cấp dồi d&agrave;o chất phytochemical, gi&uacute;p chống lại c&aacute;c gốc tự do g&acirc;y ra c&aacute;c bệnh m&atilde;n t&iacute;nh như ung thư.</span></span></p>\r\n<p style=\"text-align: justify; box-sizing: border-box; font-variant-ligatures: normal; font-variant-caps: normal; orphans: 2; widows: 2; -webkit-text-stroke-width: 0px; text-decoration-style: initial; text-decoration-color: initial; word-spacing: 0px; margin: 0in 0in 15.0pt 0in;\"><span style=\"box-sizing: border-box;\"><span style=\"font-size: 13.0pt; font-family: \'Helvetica\',sans-serif; color: #333333;\">C&aacute;c dưỡng chất kh&aacute;c được t&igrave;m thấy trong bắp cải phải kể đến như: Vitamin B6, K, C, axit folic v&agrave; chất xơ.</span></span></p>\r\n<p style=\"text-align: justify; box-sizing: border-box; font-variant-ligatures: normal; font-variant-caps: normal; orphans: 2; widows: 2; -webkit-text-stroke-width: 0px; text-decoration-style: initial; text-decoration-color: initial; word-spacing: 0px; margin: 0in 0in 15.0pt 0in;\"><span style=\"box-sizing: border-box;\"><span style=\"font-size: 13.0pt; font-family: \'Helvetica\',sans-serif; color: #333333;\">Đ&acirc;y cũng l&agrave; điểm mạnh khiến bắp cải thường xuy&ecirc;n xuất hiện trong khẩu phần ăn của những người bị c&aacute;c bệnh về thận.</span></span></p>\r\n<p style=\"text-align: center; box-sizing: border-box; font-variant-ligatures: normal; font-variant-caps: normal; orphans: 2; widows: 2; -webkit-text-stroke-width: 0px; text-decoration-style: initial; text-decoration-color: initial; word-spacing: 0px; margin: 0in 0in 15.0pt 0in;\" align=\"center\"><span style=\"box-sizing: border-box;\"><span style=\"font-size: 13.0pt; font-family: \'Helvetica\',sans-serif; color: #333333;\">&nbsp;</span></span><img style=\"text-align: justify;\" src=\"https://file.organica.vn/uploads/filecloud/2018/September/19/1483-997871537342686-1537342686.png\" /></p>\r\n<p style=\"text-align: justify; box-sizing: border-box; font-variant-ligatures: normal; font-variant-caps: normal; orphans: 2; widows: 2; -webkit-text-stroke-width: 0px; text-decoration-style: initial; text-decoration-color: initial; word-spacing: 0px; margin: 0in 0in 15.0pt 0in;\"><span style=\"box-sizing: border-box;\"><strong style=\"box-sizing: border-box;\"><span style=\"font-size: 13.0pt; font-family: \'Helvetica\',sans-serif; color: green;\">3/ S&uacute;p lơ</span></strong></span></p>\r\n<p style=\"text-align: justify; box-sizing: border-box; font-variant-ligatures: normal; font-variant-caps: normal; orphans: 2; widows: 2; -webkit-text-stroke-width: 0px; text-decoration-style: initial; text-decoration-color: initial; word-spacing: 0px; margin: 0in 0in 15.0pt 0in;\"><span style=\"box-sizing: border-box;\"><span style=\"font-size: 13.0pt; font-family: \'Helvetica\',sans-serif; color: #333333;\">Axit folic v&agrave; chất xơ l&agrave; những chất gi&uacute;p l&agrave;m sạch thận v&agrave; tăng cường sức khỏe cũng được t&igrave;m thấy kh&aacute; nhiều trong s&uacute;p lơ.</span></span></p>\r\n<p style=\"text-align: justify; box-sizing: border-box; font-variant-ligatures: normal; font-variant-caps: normal; orphans: 2; widows: 2; -webkit-text-stroke-width: 0px; text-decoration-style: initial; text-decoration-color: initial; word-spacing: 0px; margin: 0in 0in 15.0pt 0in;\"><span style=\"box-sizing: border-box;\"><span style=\"font-size: 13.0pt; font-family: \'Helvetica\',sans-serif; color: #333333;\">Cũng thuộc họ nh&agrave; cải, s&uacute;p lơ cũng l&agrave; một sự lựa chọn tuyệt vời cho chế độ ăn uống th&acirc;n thiện với thận.</span></span></p>\r\n<p style=\"text-align: justify; box-sizing: border-box; font-variant-ligatures: normal; font-variant-caps: normal; orphans: 2; widows: 2; -webkit-text-stroke-width: 0px; text-decoration-style: initial; text-decoration-color: initial; word-spacing: 0px; margin: 0in 0in 15.0pt 0in;\"><span style=\"box-sizing: border-box;\"><span style=\"font-size: 13.0pt; font-family: \'Helvetica\',sans-serif; color: #333333;\">V&agrave; cũng giống như nhiều loại rau củ kh&aacute;c trong họ nh&agrave; cải, h&agrave;m lượng Kali trong s&uacute;p lơ cũng rất &iacute;t, giảm thiểu nguy cơ g&acirc;y ra c&aacute;c bệnh thận m&atilde;n t&iacute;nh cho cơ thể.</span></span></p>\r\n<p style=\"text-align: center; box-sizing: border-box; font-variant-ligatures: normal; font-variant-caps: normal; orphans: 2; widows: 2; -webkit-text-stroke-width: 0px; text-decoration-style: initial; text-decoration-color: initial; word-spacing: 0px; margin: 0in 0in 15.0pt 0in;\" align=\"center\"><span style=\"box-sizing: border-box;\"><span style=\"font-size: 13.0pt; font-family: \'Helvetica\',sans-serif; color: #333333;\">&nbsp;</span></span><img style=\"text-align: justify;\" src=\"https://file.organica.vn/uploads/filecloud/2018/September/19/1480-889101537342685-1537342685.png\" /></p>\r\n<p style=\"text-align: justify; box-sizing: border-box; font-variant-ligatures: normal; font-variant-caps: normal; orphans: 2; widows: 2; -webkit-text-stroke-width: 0px; text-decoration-style: initial; text-decoration-color: initial; word-spacing: 0px; margin: 0in 0in 15.0pt 0in;\"><span style=\"box-sizing: border-box;\"><strong style=\"box-sizing: border-box;\"><span style=\"font-size: 13.0pt; font-family: \'Helvetica\',sans-serif; color: green;\">4 / Cải xoăn</span></strong></span></p>\r\n<p style=\"text-align: justify; box-sizing: border-box; font-variant-ligatures: normal; font-variant-caps: normal; orphans: 2; widows: 2; -webkit-text-stroke-width: 0px; text-decoration-style: initial; text-decoration-color: initial; word-spacing: 0px; margin: 0in 0in 15.0pt 0in;\"><span style=\"box-sizing: border-box;\"><span style=\"font-size: 13.0pt; font-family: \'Helvetica\',sans-serif; color: #333333;\">Nếu đ&atilde; n&oacute;i đến nh&oacute;m thực phẩm &iacute;t Kali chắc chắn kh&ocirc;ng thể bỏ qua Cải xoăn &ndash; một loại cải rải c&oacute; lợi cho thận thường được sử dụng trong khẩu phẩn ăn d&agrave;nh cho người mắc bệnh thận.</span></span></p>\r\n<p style=\"text-align: justify; box-sizing: border-box; font-variant-ligatures: normal; font-variant-caps: normal; orphans: 2; widows: 2; -webkit-text-stroke-width: 0px; text-decoration-style: initial; text-decoration-color: initial; word-spacing: 0px; margin: 0in 0in 15.0pt 0in;\"><span style=\"box-sizing: border-box;\"><span style=\"font-size: 13.0pt; font-family: \'Helvetica\',sans-serif; color: #333333;\">Theo Tổ chức thận quốc gia, cải xoăn chứa nhiều vitamin A, vitamin C, canxi v&agrave; c&aacute;c kho&aacute;ng chất quan trọng kh&aacute;c hỗ trợ chức năng thận.</span></span></p>\r\n<p style=\"text-align: center; box-sizing: border-box; font-variant-ligatures: normal; font-variant-caps: normal; orphans: 2; widows: 2; -webkit-text-stroke-width: 0px; text-decoration-style: initial; text-decoration-color: initial; word-spacing: 0px; margin: 0in 0in 15.0pt 0in;\" align=\"center\"><span style=\"box-sizing: border-box;\"><span style=\"font-size: 13.0pt; font-family: \'Helvetica\',sans-serif; color: #333333;\">&nbsp;</span></span><img style=\"text-align: justify;\" src=\"https://file.organica.vn/uploads/filecloud/2018/September/19/1481-934021537342685-1537342685.png\" /></p>\r\n<p style=\"text-align: justify; box-sizing: border-box; font-variant-ligatures: normal; font-variant-caps: normal; orphans: 2; widows: 2; -webkit-text-stroke-width: 0px; text-decoration-style: initial; text-decoration-color: initial; word-spacing: 0px; margin: 0in 0in 15.0pt 0in;\"><span style=\"box-sizing: border-box;\"><strong style=\"box-sizing: border-box;\"><span style=\"font-size: 13.0pt; font-family: \'Helvetica\',sans-serif; color: green;\">5/ Đậu H&agrave; Lan v&agrave; đậu xanh</span></strong></span></p>\r\n<p style=\"text-align: justify; box-sizing: border-box; font-variant-ligatures: normal; font-variant-caps: normal; orphans: 2; widows: 2; -webkit-text-stroke-width: 0px; text-decoration-style: initial; text-decoration-color: initial; word-spacing: 0px; margin: 0in 0in 15.0pt 0in;\"><span style=\"box-sizing: border-box;\"><span style=\"font-size: 13.0pt; font-family: \'Helvetica\',sans-serif; color: #333333;\">Kh&ocirc;ng chỉ chứa lượng Kali thấp, đậu H&agrave; Lan v&agrave; đậu xanh c&ograve;n l&agrave; nguồn cung cấp chất xơ tuyệt vời cho những người mắc c&aacute;c bệnh về thận.</span></span></p>\r\n<p style=\"text-align: justify; box-sizing: border-box; font-variant-ligatures: normal; font-variant-caps: normal; orphans: 2; widows: 2; -webkit-text-stroke-width: 0px; text-decoration-style: initial; text-decoration-color: initial; word-spacing: 0px; margin: 0in 0in 15.0pt 0in;\"><span style=\"box-sizing: border-box;\"><span style=\"font-size: 13.0pt; font-family: \'Helvetica\',sans-serif; color: #333333;\">Chất xơ đ&oacute;ng vai tr&ograve; như &ldquo;kẻ ph&aacute;n xử&rdquo;, gi&uacute;p c&acirc;n bằng lượng đường trong m&aacute;u, hạn chế g&acirc;y ra tăng c&acirc;n qu&aacute; mức v&agrave; bệnh tiểu đường. Đ&acirc;y đều l&agrave; những nguy&ecirc;n nh&acirc;n ch&iacute;nh g&acirc;y ra c&aacute;c bệnh về thận ở người lớn tuổi.</span></span></p>\r\n<p style=\"text-align: center; box-sizing: border-box; font-variant-ligatures: normal; font-variant-caps: normal; orphans: 2; widows: 2; -webkit-text-stroke-width: 0px; text-decoration-style: initial; text-decoration-color: initial; word-spacing: 0px; margin: 0in 0in 15.0pt 0in;\" align=\"center\"><span style=\"box-sizing: border-box;\"><span style=\"font-size: 13.0pt; font-family: \'Helvetica\',sans-serif; color: #333333;\">&nbsp;<span style=\"box-sizing: border-box;\"><span style=\"mso-no-proof: yes;\"><!-- [if gte vml 1]><v:shape id=\"Picture_x0020_7\"\r\n o:spid=\"_x0000_i1025\" type=\"#_x0000_t75\" style=\'width:450pt;height:282.6pt;\r\n visibility:visible;mso-wrap-style:square\'>\r\n <v:imagedata src=\"file:///C:/Users/Jeremy/AppData/Local/Temp/msohtmlclip1/01/clip_image011.png\"\r\n  o:title=\"\"/>\r\n</v:shape><![endif]--><!-- [if !vml]--><img src=\"https://file.organica.vn/uploads/filecloud/2018/September/19/1481-934021537342685-1537342685.png\" width=\"600\" height=\"377\" /><!--[endif]--></span></span></span></span></p>\r\n<p style=\"text-align: justify; box-sizing: border-box; font-variant-ligatures: normal; font-variant-caps: normal; orphans: 2; widows: 2; -webkit-text-stroke-width: 0px; text-decoration-style: initial; text-decoration-color: initial; word-spacing: 0px; margin: 0in 0in 15.0pt 0in;\"><span style=\"box-sizing: border-box;\"><em style=\"box-sizing: border-box;\"><span style=\"font-size: 13.0pt; font-family: \'Helvetica\',sans-serif; color: #333333;\">Vậy l&agrave; với những chia sẻ tr&ecirc;n đ&acirc;y, bạn đ&atilde; biết th&ecirc;m về 5 loại thực phẩm v&agrave;ng gi&uacute;p tăng cường sức khỏe v&agrave; khả năng hoạt động tốt cho thận rồi phải kh&ocirc;ng n&agrave;o?</span></em></span></p>\r\n<p style=\"text-align: justify; box-sizing: border-box; font-variant-ligatures: normal; font-variant-caps: normal; orphans: 2; widows: 2; -webkit-text-stroke-width: 0px; text-decoration-style: initial; text-decoration-color: initial; word-spacing: 0px; margin: 0in 0in 15.0pt 0in;\"><span style=\"box-sizing: border-box;\"><em style=\"box-sizing: border-box;\"><span style=\"font-size: 13.0pt; font-family: \'Helvetica\',sans-serif; color: #333333;\">Nếu nh&agrave; bạn đang c&oacute; người phải điều trị c&aacute;c bệnh về thận, đừng qu&ecirc;n bổ sung 5 loại thực phẩm n&agrave;y v&agrave;o bữa ăn để gi&uacute;p người th&acirc;n nhanh ch&oacute;ng khỏe mạnh v&agrave; lấy lại c&acirc;n bằng cho thận nh&eacute;.</span></em></span></p>\r\n<p class=\"MsoNormal\">&nbsp;</p>', '/News/NewsID1.jpg', 1563811200, 1, 0);

DROP TABLE IF EXISTS `Products`;
CREATE TABLE IF NOT EXISTS `Products` (
  `ProductID` int(5) NOT NULL AUTO_INCREMENT,
  `ProductCategoryID` int(4) NOT NULL,
  `ProductsubCategoryID` int(4) DEFAULT NULL,
  `ProductName` varchar(200) COLLATE utf8_unicode_ci NOT NULL,
  `ProductPrice` double(10,0) NOT NULL,
  `ProductRateAvg` tinyint(1) NOT NULL DEFAULT 0,
  `ProductTotalRate` tinyint(1) NOT NULL DEFAULT 0,
  `ProductDiscount` tinyint(1) NOT NULL DEFAULT 0,
  `ProductDefaultImage` varchar(200) COLLATE utf8_unicode_ci NOT NULL DEFAULT 'Default.png',
  `ProductImageList` text COLLATE utf8_unicode_ci NOT NULL,
  `ProductPreview` text COLLATE utf8_unicode_ci NOT NULL DEFAULT 'Mo Ta',
  `ProductDescription` text COLLATE utf8_unicode_ci NOT NULL DEFAULT 'Mo Ta',
  `ProductType` tinyint(1) DEFAULT NULL,
  `Productsize` text COLLATE utf8_unicode_ci DEFAULT NULL,
  `ProductColor` text COLLATE utf8_unicode_ci DEFAULT NULL,
  `ProductAvailable` int(5) NOT NULL DEFAULT 1000,
  `ProductTotalReview` int(5) NOT NULL DEFAULT 0,
  PRIMARY KEY (`ProductID`)
) ENGINE=InnoDB AUTO_INCREMENT=110 DEFAULT CHARSET=utf8 COLLATE=utf8_unicode_ci;

INSERT INTO `Products` (`ProductID`, `ProductCategoryID`, `ProductsubCategoryID`, `ProductName`, `ProductPrice`, `ProductRateAvg`, `ProductTotalRate`, `ProductDiscount`, `ProductDefaultImage`, `ProductImageList`, `ProductPreview`, `ProductDescription`, `ProductType`, `Productsize`, `ProductColor`, `ProductAvailable`, `ProductTotalReview`) VALUES
(18, 2, NULL, 'Cây Mini Để Bàn', 179000, 4, 0, 32, '/Default.png', '[\"\\/Products\\/QGB001.jpg\",\"\\/Products\\/QGB001-1.jpg\",\"\\/Products\\/QGB001-2.jpg\",\"\\/Products\\/QGB001-3.jpg\"]', 'Đặc điểm: Cây không cần đất, Sống tốt dưới ánh sáng đèn, Văn phòng máy lạnh…', '* Kích thước: 25 cm x 12 cm x 12 cm (cao x dài x rộng)\n\n* Thành phần: Cau Tiểu Trâm, Đinh Lăng Lá Nhuyễn, Ngọc Trai.\n\n* Đặc điểm: Cây không cần đất, Sống tốt dưới ánh sáng đèn, Văn phòng máy lạnh…\n\n* Sản Phẩm bao gồm: Chậu cây; Hộp; Tag tên; HD chăm sóc..\n\n* Bảo hành: 30 ngày\n\n* Thời gian sống: Trên 1 năm.\n	\n* Mục đích sử dụng: Trang trí, Quà tặng,…”', NULL, NULL, NULL, 1000, 0),
(19, 2, NULL, 'Cây Mini Để Bàn', 189000, 5, 0, 40, '/Default.png', '[\"\\/Products\\/QGB002.jpg\",\"\\/Products\\/QGB002-1.jpg\",\"\\/Products\\/QGB002-2.jpg\",\"\\/Products\\/QGB002-3.jpg\"]', 'Đặc điểm: Cây không cần đất, Sống tốt dưới ánh sáng đèn, Văn phòng máy lạnh…', '* Kích thước: 27 cm x 12 cm x 12 cm (cao x dài x rộng)\n\n* Thành phần: Cau Tiểu Trâm, Đinh Lăng Lá Nhuyễn, Ngọc Trai.\n\n* Đặc điểm: Cây không cần đất, Sống tốt dưới ánh sáng đèn, Văn phòng máy lạnh…\n\n* Sản Phẩm bao gồm: Chậu cây; Hộp; Tag tên; HD chăm sóc..\n\n* Bảo hành: 30 ngày\n\n* Thời gian sống: Trên 2 năm.\n	\n* Mục đích sử dụng: Trang trí, Quà tặng,…”', NULL, NULL, NULL, 1000, 0),
(20, 2, NULL, 'Cây Mini Để Bàn', 179000, 3, 0, 66, '/Default.png', '[\"\\/Products\\/QGB003.jpg\",\"\\/Products\\/QGB003-1.jpg\",\"\\/Products\\/QGB003-2.jpg\",\"\\/Products\\/QGB003-3.jpg\"]', 'Đặc điểm: Cây không cần đất, Sống tốt dưới ánh sáng đèn, Văn phòng máy lạnh…', '* Kích thước: 25 cm x 12 cm x 12 cm (cao x dài x rộng)\n\n* Thành phần: Kim Ngân, Hoya Lá Tròn, Trầu Bà Cẩm Thạch.\n\n* Đặc điểm: Cây không cần đất, Sống tốt dưới ánh sáng đèn, Văn phòng máy lạnh…\n\n* Sản Phẩm bao gồm: Chậu cây; Hộp; Tag tên; HD chăm sóc..\n\n* Bảo hành: 30 ngày\n\n* Thời gian sống: Trên 1 năm.\n	\n* Mục đích sử dụng: Trang trí, Quà tặng,…”', NULL, NULL, NULL, 1000, 0),
(21, 2, NULL, 'Cây Mini Để Bàn', 179000, 4, 0, 38, '/Default.png', '[\"\\/Products\\/QGB004.jpg\",\"\\/Products\\/QGB004-1.jpg\",\"\\/Products\\/QGB004-2.jpg\",\"\\/Products\\/QGB004-3.jpg\"]', 'Đặc điểm: Cây không cần đất, Sống tốt dưới ánh sáng đèn, Văn phòng máy lạnh…', '* Kích thước: 25 cm x 12 cm x 12 cm (cao x dài x rộng)\n\n* Thành phần: Kim Ngân, Hoya Lá Tròn, Đinh Lăng Cẩm Thạch.\n\n* Đặc điểm: Cây không cần đất, Sống tốt dưới ánh sáng đèn, Văn phòng máy lạnh…\n\n* Sản Phẩm bao gồm: Chậu cây; Hộp; Tag tên; HD chăm sóc..\n\n* Bảo hành: 30 ngày\n\n* Thời gian sống: Trên 1 năm.\n	\n* Mục đích sử dụng: Trang trí, Quà tặng,…”', NULL, NULL, NULL, 1000, 0),
(22, 2, NULL, 'Cây Mini Để Bàn', 179000, 5, 0, 55, '/Default.png', '[\"\\/Products\\/QGB005.jpg\",\"\\/Products\\/QGB005-1.jpg\",\"\\/Products\\/QGB005-2.jpg\",\"\\/Products\\/QGB005-3.jpg\"]', 'Đặc điểm: Cây không cần đất, Sống tốt dưới ánh sáng đèn, Văn phòng máy lạnh…\n', '* Kích thước: 25 cm x 12 cm x 12 cm (cao x dài x rộng)\n\n* Thành phần: Cau Tiểu Trâm, Hoya Lá Tròn, Trầu Bà Brazil.\n\n* Đặc điểm: Cây không cần đất, Sống tốt dưới ánh sáng đèn, Văn phòng máy lạnh…\n\n* Sản Phẩm bao gồm: Chậu cây; Hộp; Tag tên; HD chăm sóc..\n\n* Bảo hành: 30 ngày\n\n* Thời gian sống: Trên 1 năm.\n	\n* Mục đích sử dụng: Trang trí, Quà tặng,…”', NULL, NULL, NULL, 1000, 0),
(23, 2, NULL, 'Cây Mini Để Bàn', 179000, 3, 0, 0, '/Default.png', '[\"\\/Products\\/QGB006.jpg\",\"\\/Products\\/QGB006-1.jpg\",\"\\/Products\\/QGB006-2.jpg\",\"\\/Products\\/QGB006-3.jpg\"]', 'Đặc điểm: Cây không cần đất, Sống tốt dưới ánh sáng đèn, Văn phòng máy lạnh…', '* Kích thước: 25 cm x 12 cm x 12 cm (cao x dài x rộng)\n\n* Thành phần: Cau Tiểu Trâm, Thiết Mộc Lan, Đinh Lăng Lá Nhuyễn.\n\n* Đặc điểm: Cây không cần đất, Sống tốt dưới ánh sáng đèn, Văn phòng máy lạnh…\n\n* Sản Phẩm bao gồm: Chậu cây; Hộp; Tag tên; HD chăm sóc..\n\n* Bảo hành: 30 ngày\n\n* Thời gian sống: Trên 1 năm.\n	\n* Mục đích sử dụng: Trang trí, Quà tặng,…”', NULL, NULL, NULL, 1000, 0),
(24, 2, NULL, 'Cây Mini Để Bàn', 179000, 4, 0, 0, '/Default.png', '[\"\\/Products\\/QGB007.jpg\",\"\\/Products\\/QGB007-1.jpg\",\"\\/Products\\/QGB007-2.jpg\",\"\\/Products\\/QGB007-3.jpg\"]', 'Đặc điểm: Cây không cần đất, Sống tốt dưới ánh sáng đèn, Văn phòng máy lạnh…', '* Kích thước: 25 cm x 12 cm x 12 cm (cao x dài x rộng)\n\n* Thành phần: Cau Tiểu Trâm, Hoya Lá Tròn, Trầu Bà Cẩm Thạch.\n\n* Đặc điểm: Cây không cần đất, Sống tốt dưới ánh sáng đèn, Văn phòng máy lạnh…\n\n* Sản Phẩm bao gồm: Chậu cây; Hộp; Tag tên; HD chăm sóc..\n\n* Bảo hành: 30 ngày\n\n* Thời gian sống: Trên 1 năm.\n	\n* Mục đích sử dụng: Trang trí, Quà tặng,…”', NULL, NULL, NULL, 1000, 0),
(25, 2, NULL, 'Cây Mini Để Bàn', 179000, 5, 0, 0, '/Default.png', '[\"\\/Products\\/QGB008.jpg\",\"\\/Products\\/QGB008-1.jpg\",\"\\/Products\\/QGB008-2.jpg\",\"\\/Products\\/QGB008-3.jpg\"]', 'Đặc điểm: Cây không cần đất, Sống tốt dưới ánh sáng đèn, Văn phòng máy lạnh…', '* Kích thước: 25 cm x 12 cm x 12 cm (cao x dài x rộng)\n\n* Thành phần: Phát Tài Búp Sen, Trầu Bà Brazil, Hoya Lá Tròn.\n\n* Đặc điểm: Cây không cần đất, Sống tốt dưới ánh sáng đèn, Văn phòng máy lạnh…\n\n* Sản Phẩm bao gồm: Chậu cây; Hộp; Tag tên; HD chăm sóc..\n\n* Bảo hành: 30 ngày\n\n* Thời gian sống: Trên 1 năm.\n	\n* Mục đích sử dụng: Trang trí, Quà tặng,…”', NULL, NULL, NULL, 1000, 0),
(26, 2, NULL, 'Cây Mini Để Bàn', 179000, 0, 0, 0, '/Default.png', '[\"\\/Products\\/QGB009.jpg\",\"\\/Products\\/QGB009-1.jpg\",\"\\/Products\\/QGB009-2.jpg\",\"\\/Products\\/QGB009-3.jpg\"]', 'Đặc điểm: Cây không cần đất, Sống tốt dưới ánh sáng đèn, Văn phòng máy lạnh…', '* Kích thước: 25 cm x 12 cm x 12 cm (cao x dài x rộng)\n\n* Thành phần: Cau Tiểu Trâm, Thiết Mộc Lan, Ngọc Trai.\n\n* Đặc điểm: Cây không cần đất, Sống tốt dưới ánh sáng đèn, Văn phòng máy lạnh…\n\n* Sản Phẩm bao gồm: Chậu cây; Hộp; Tag tên; HD chăm sóc..\n\n* Bảo hành: 30 ngày\n\n* Thời gian sống: Trên 1 năm.\n	\n* Mục đích sử dụng: Trang trí, Quà tặng,…”', NULL, NULL, NULL, 990, 0),
(27, 2, NULL, 'Cây Mini Để Bàn', 179000, 0, 0, 0, '/Default.png', '[\"\\/Products\\/QGB010.jpg\",\"\\/Products\\/QGB010-1.jpg\",\"\\/Products\\/QGB010-2.jpg\",\"\\/Products\\/QGB010-3.jpg\"]', 'Đặc điểm: Cây không cần đất, Sống tốt dưới ánh sáng đèn, Văn phòng máy lạnh…', '* Kích thước: 25 cm x 12 cm x 12 cm (cao x dài x rộng)\n\n* Thành phần: Cau Tiểu Trâm, Đinh Lăng Lá Nhuyễn, Hoya Lá Tròn.\n\n* Đặc điểm: Cây không cần đất, Sống tốt dưới ánh sáng đèn, Văn phòng máy lạnh…\n\n* Sản Phẩm bao gồm: Chậu cây; Hộp; Tag tên; HD chăm sóc..\n\n* Bảo hành: 30 ngày\n\n* Thời gian sống: Trên 1 năm.\n	\n* Mục đích sử dụng: Trang trí, Quà tặng,…”', NULL, NULL, NULL, 1000, 0),
(28, 2, NULL, 'Cây Mini Để Bàn', 179000, 0, 0, 0, '/Default.png', '[\"\\/Products\\/QGB011.jpg\",\"\\/Products\\/QGB011-1.jpg\",\"\\/Products\\/QGB011-2.jpg\",\"\\/Products\\/QGB011-3.jpg\"]', 'Đặc điểm: Cây không cần đất, Sống tốt dưới ánh sáng đèn, Văn phòng máy lạnh…', '* Kích thước: 25 cm x 12 cm x 12 cm (cao x dài x rộng)\n\n* Thành phần: Cau Tiểu Trâm, Ngọc Trai, Trầu Bà Cẩm Thạch.\n\n* Đặc điểm: Cây không cần đất, Sống tốt dưới ánh sáng đèn, Văn phòng máy lạnh…\n\n* Sản Phẩm bao gồm: Chậu cây; Hộp; Tag tên; HD chăm sóc..\n\n* Bảo hành: 30 ngày\n\n* Thời gian sống: Trên 1 năm.\n	\n* Mục đích sử dụng: Trang trí, Quà tặng,…”', NULL, NULL, NULL, 1000, 0),
(29, 2, NULL, 'Cây Mini Để Bàn', 179000, 0, 0, 0, '/Default.png', '[\"\\/Products\\/QGB012.jpg\",\"\\/Products\\/QGB012-1.jpg\",\"\\/Products\\/QGB012-2.jpg\",\"\\/Products\\/QGB012-3.jpg\"]', 'Đặc điểm: Cây không cần đất, Sống tốt dưới ánh sáng đèn, Văn phòng máy lạnh…', '* Kích thước: 25 cm x 12 cm x 12 cm (cao x dài x rộng)\n\n* Thành phần: Cau Tiểu Trâm, Trầu Bà Cẩm Thạch, Trầu Bà Brazil.\n\n* Đặc điểm: Cây không cần đất, Sống tốt dưới ánh sáng đèn, Văn phòng máy lạnh…\n\n* Sản Phẩm bao gồm: Chậu cây; Hộp; Tag tên; HD chăm sóc..\n\n* Bảo hành: 30 ngày\n\n* Thời gian sống: Trên 1 năm.\n	\n* Mục đích sử dụng: Trang trí, Quà tặng,…”', NULL, NULL, NULL, 1000, 0),
(30, 2, NULL, 'Cây Mini Để Bàn', 189000, 0, 0, 0, '/Default.png', '[\"\\/Products\\/QGB013.jpg\",\"\\/Products\\/QGB013-1.jpg\",\"\\/Products\\/QGB013-2.jpg\",\"\\/Products\\/QGB013-3.jpg\"]', 'Đặc điểm: Cây không cần đất, Sống tốt dưới ánh sáng đèn, Văn phòng máy lạnh…', '* Kích thước: 25 cm x 12 cm x 12 cm (cao x dài x rộng)\n\n* Thành phần: Hoya Lá Tròn, Trầu Bà Cẩm Thạch, Trầu Bà Tím.\n\n* Đặc điểm: Cây không cần đất, Sống tốt dưới ánh sáng đèn, Văn phòng máy lạnh…\n\n* Sản Phẩm bao gồm: Chậu cây; Hộp; Tag tên; HD chăm sóc..\n\n* Bảo hành: 30 ngày\n\n* Thời gian sống: Trên 1 năm.\n	\n* Mục đích sử dụng: Trang trí, Quà tặng,…”', NULL, NULL, NULL, 1000, 0),
(31, 2, NULL, 'Cây Mini Để Bàn', 189000, 0, 0, 0, '/Default.png', '[\"\\/Products\\/QGB014.jpg\",\"\\/Products\\/QGB014-1.jpg\",\"\\/Products\\/QGB014-2.jpg\",\"\\/Products\\/QGB014-3.jpg\"]', 'Đặc điểm: Cây không cần đất, Sống tốt dưới ánh sáng đèn, Văn phòng máy lạnh…', '* Kích thước: 25 cm x 12 cm x 12 cm (cao x dài x rộng)\n\n* Thành phần: Cau Tiểu Trâm, Trầu Bà Cẩm Thạch, Trầu Bà Tím.\n\n* Đặc điểm: Cây không cần đất, Sống tốt dưới ánh sáng đèn, Văn phòng máy lạnh…\n\n* Sản Phẩm bao gồm: Chậu cây; Hộp; Tag tên; HD chăm sóc..\n\n* Bảo hành: 30 ngày\n\n* Thời gian sống: Trên 1 năm.\n	\n* Mục đích sử dụng: Trang trí, Quà tặng,…”', NULL, NULL, NULL, 1000, 0),
(32, 2, NULL, 'Cây Mini Để Bàn', 189000, 0, 0, 0, '/Default.png', '[\"\\/Products\\/QGB015.jpg\",\"\\/Products\\/QGB015-1.jpg\",\"\\/Products\\/QGB015-2.jpg\",\"\\/Products\\/QGB015-3.jpg\"]', 'Đặc điểm: Cây không cần đất, Sống tốt dưới ánh sáng đèn, Văn phòng máy lạnh…', '* Kích thước: 25 cm x 12 cm x 12 cm (cao x dài x rộng)\n\n* Thành phần: Kim Ngân, Thiết Mộc Lan, Đô La.\n\n* Đặc điểm: Cây không cần đất, Sống tốt dưới ánh sáng đèn, Văn phòng máy lạnh…\n\n* Sản Phẩm bao gồm: Chậu cây; Hộp; Tag tên; HD chăm sóc..\n\n* Bảo hành: 30 ngày\n\n* Thời gian sống: Trên 1 năm.\n	\n* Mục đích sử dụng: Trang trí, Quà tặng,…”', NULL, NULL, NULL, 1000, 0),
(33, 2, NULL, 'Cây Mini Để Bàn', 189000, 0, 0, 0, '/Default.png', '[\"\\/Products\\/QGB016.jpg\",\"\\/Products\\/QGB016-1.jpg\",\"\\/Products\\/QGB016-2.jpg\",\"\\/Products\\/QGB016-3.jpg\"]', 'Đặc điểm: Cây không cần đất, Sống tốt dưới ánh sáng đèn, Văn phòng máy lạnh…', '* Kích thước: 25 cm x 12 cm x 12 cm (cao x dài x rộng)\n\n* Thành phần: Kim Ngân, Trầu Bà Cẩm Thạch, Ngọc Trai.\n\n* Đặc điểm: Cây không cần đất, Sống tốt dưới ánh sáng đèn, Văn phòng máy lạnh…\n\n* Sản Phẩm bao gồm: Chậu cây; Hộp; Tag tên; HD chăm sóc..\n\n* Bảo hành: 30 ngày\n\n* Thời gian sống: Trên 1 năm.\n	\n* Mục đích sử dụng: Trang trí, Quà tặng,…”', NULL, NULL, NULL, 1000, 0),
(34, 2, NULL, 'Thiết Mộc Lan', 119000, 0, 0, 0, '/Default.png', '[\"\\/Products\\/QOA001.jpg\",\"\\/Products\\/QOA001-1.jpg\",\"\\/Products\\/QOA001-2.jpg\",\"\\/Products\\/QOA001-3.jpg\"]', 'Đặc điểm: Cây sống không cần đất, sống được trong môi trường máy lạnh, ánh sáng đèn, giếng trời, cửa sổ… phát triển chậm, không cần nhiều dinh dưỡng.\n', '* Kích thước: 15 cm x 7.5 cm  (cao x đường kính)\n\n	* Phong thủy: Hợp mệnh Kim, Hợp mệnh Thủy.\n\n	* Đặc điểm: Cây sống không cần đất, sống được trong môi trường máy lạnh, ánh sáng đèn, giếng trời, cửa sổ… phát triển chậm, không cần nhiều dinh dưỡng.\n\n	* Sản Phẩm bao gồm: Chậu cây; Hộp; Tag tên; HD chăm sóc..\n\n	* Bảo hành: 30 ngày\n\n	* Thời gian sống: Trên 6 tháng.\n	\n	* Mục đích sử dụng: Trang trí, Quà tặng,…”', NULL, NULL, NULL, 1000, 0),
(35, 2, NULL, 'Cây Ngọc Trai', 119000, 3, 2, 16, '/Default.png', '[\"\\/Products\\/QOA002.jpg\",\"\\/Products\\/QOA002-1.jpg\",\"\\/Products\\/QOA002-2.jpg\",\"\\/Products\\/QOA002-3.jpg\"]', 'Đặc điểm: Cây sống không cần đất, sống được trong môi trường máy lạnh, ánh sáng đèn, giếng trời, cửa sổ… phát triển chậm, không cần nhiều dinh dưỡng.', '* Kích thước: 13 cm x 7.5 cm  (cao x đường kính)\n\n* Phong thủy: Hợp mệnh Mộc, Hợp mệnh Thủy.\n\n* Đặc điểm: Cây sống không cần đất, sống được trong môi trường máy lạnh, ánh sáng đèn, giếng trời, cửa sổ… phát triển chậm, không cần nhiều dinh dưỡng.\n\n* Sản Phẩm bao gồm: Chậu cây; Hộp; Tag tên; HD chăm sóc..\n\n* Bảo hành: 30 ngày\n\n* Thời gian sống: Trên 6 tháng.\n	\n* Mục đích sử dụng: Trang trí, Quà tặng,…”', NULL, NULL, NULL, 1000, 2),
(36, 2, NULL, 'Cây Sao Băng', 119000, 0, 0, 0, '/Default.png', '[\"\\/Products\\/QOA003.jpg\",\"\\/Products\\/QOA003-1.jpg\",\"\\/Products\\/QOA003-2.jpg\",\"\\/Products\\/QOA003-3.jpg\"]', 'Đặc điểm: Cây sống không cần đất, sống được trong môi trường máy lạnh, ánh sáng đèn, giếng trời, cửa sổ… phát triển chậm, không cần nhiều dinh dưỡng.\n', '* Kích thước: 15 cm x 7.5 cm  (cao x đường kính)\n\n* Phong thủy: Hợp mệnh Kim, Hợp mệnh Thủy.\n\n* Đặc điểm: Cây sống không cần đất, sống được trong môi trường máy lạnh, ánh sáng đèn, giếng trời, cửa sổ… phát triển chậm, không cần nhiều dinh dưỡng.\n\n* Sản Phẩm bao gồm: Chậu cây; Hộp; Tag tên; HD chăm sóc..\n\n* Bảo hành: 30 ngày\n\n* Thời gian sống: Trên 6 tháng.\n	\n* Mục đích sử dụng: Trang trí, Quà tặng,…”', NULL, NULL, NULL, 1000, 0),
(37, 2, NULL, 'Da Nhật Mini OASIS', 119000, 0, 0, 0, '/Default.png', '[\"\\/Products\\/QOA004.jpg\",\"\\/Products\\/QOA004-1.jpg\",\"\\/Products\\/QOA004-2.jpg\",\"\\/Products\\/QOA004-3.jpg\"]', 'Đặc điểm: Cây sống không cần đất, sống được trong môi trường máy lạnh, ánh sáng đèn, giếng trời, cửa sổ… phát triển chậm, không cần nhiều dinh dưỡng.\n', '* Kích thước: 13 cm x 7.5 cm  (cao x đường kính)\n\n* Phong thủy: Hợp mệnh Thổ, Hợp mệnh Thủy.\n\n* Đặc điểm: Cây sống không cần đất, sống được trong môi trường máy lạnh, ánh sáng đèn, giếng trời, cửa sổ… phát triển chậm, không cần nhiều dinh dưỡng.\n\n* Sản Phẩm bao gồm: Chậu cây; Hộp; Tag tên; HD chăm sóc..\n\n* Bảo hành: 30 ngày\n\n* Thời gian sống: Trên 6 tháng.\n	\n* Mục đích sử dụng: Trang trí, Quà tặng,…”', NULL, NULL, NULL, 1000, 0),
(39, 2, NULL, 'Cây Mini Để Bàn', 119000, 0, 0, 0, '/Default.png', '[\"\\/Products\\/QOA005.jpg\",\"\\/Products\\/QOA005-1.jpg\",\"\\/Products\\/QOA005-2.jpg\",\"\\/Products\\/QOA005-3.jpg\"]', 'Đặc điểm: Cây sống không cần đất, sống được trong môi trường máy lạnh, ánh sáng đèn, giếng trời, cửa sổ… phát triển chậm, không cần nhiều dinh dưỡng.', '* Kích thước: 18 cm x 7.5 cm  (cao x đường kính)\n\n* Phong thủy: Hợp mệnh Mộc, Hợp mệnh Thổ, Hợp mệnh Kim, Hợp mệnh Thủy, Hợp mệnh Hỏa.\n\n* Đặc điểm: Cây sống không cần đất, sống được trong môi trường máy lạnh, ánh sáng đèn, giếng trời, cửa sổ… phát triển chậm, không cần nhiều dinh dưỡng.\n\n* Sản Phẩm bao gồm: Chậu cây; Hộp; Tag tên; HD chăm sóc..\n\n* Bảo hành: 30 ngày\n\n* Thời gian sống: Trên 6 tháng.\n	\n* Mục đích sử dụng: Trang trí, Quà tặng,…”', NULL, NULL, NULL, 1000, 0),
(40, 2, NULL, 'Lá May Mắn Đỏ', 119000, 0, 0, 0, '/Default.png', '[\"\\/Products\\/QOA006.jpg\",\"\\/Products\\/QOA006-1.jpg\",\"\\/Products\\/QOA006-2.jpg\",\"\\/Products\\/QOA006-3.jpg\"]', 'Đặc điểm: Cây sống không cần đất, sống được trong môi trường máy lạnh, ánh sáng đèn, giếng trời, cửa sổ… phát triển chậm, không cần nhiều dinh dưỡng.', '* Kích thước: 13 cm x 7.5 cm  (cao x đường kính)\n\n* Phong thủy: Hợp mệnh Hỏa, Hợp mệnh Thổ.\n\n* Đặc điểm: Cây sống không cần đất, sống được trong môi trường máy lạnh, ánh sáng đèn, giếng trời, cửa sổ… phát triển chậm, không cần nhiều dinh dưỡng.\n\n* Sản Phẩm bao gồm: Chậu cây; Hộp; Tag tên; HD chăm sóc..\n\n* Bảo hành: 30 ngày\n\n* Thời gian sống: Trên 6 tháng.\n	\n* Mục đích sử dụng: Trang trí, Quà tặng,…”', NULL, NULL, NULL, 1000, 0),
(41, 2, NULL, 'Đinh Lăng', 119000, 0, 0, 0, '/Default.png', '[\"\\/Products\\/QOA007.jpg\",\"\\/Products\\/QOA007-1.jpg\",\"\\/Products\\/QOA007-2.jpg\",\"\\/Products\\/QOA007-3.jpg\"]', 'Đặc điểm: Cây sống không cần đất, sống được trong môi trường máy lạnh, ánh sáng đèn, giếng trời, cửa sổ… phát triển chậm, không cần nhiều dinh dưỡng.', '* Kích thước: 15 cm x 7.5 cm  (cao x đường kính)\n\n* Phong thủy: Hợp mệnh Kim, Hợp mệnh Thủy.\n\n* Đặc điểm: Cây sống không cần đất, sống được trong môi trường máy lạnh, ánh sáng đèn, giếng trời, cửa sổ… phát triển chậm, không cần nhiều dinh dưỡng.\n\n* Sản Phẩm bao gồm: Chậu cây; Hộp; Tag tên; HD chăm sóc..\n\n* Bảo hành: 30 ngày\n\n* Thời gian sống: Trên 6 tháng.\n	\n* Mục đích sử dụng: Trang trí, Quà tặng,…”', NULL, NULL, NULL, 1000, 0),
(42, 2, NULL, 'Đồng Tiền', 119000, 0, 0, 0, '/Default.png', '[\"\\/Products\\/QOA008.jpg\",\"\\/Products\\/QOA008-1.jpg\",\"\\/Products\\/QOA008-2.jpg\",\"\\/Products\\/QOA008-3.jpg\"]', 'Đặc điểm: Cây sống không cần đất, sống được trong môi trường máy lạnh, ánh sáng đèn, giếng trời, cửa sổ… phát triển chậm, không cần nhiều dinh dưỡng.', '* Kích thước: 13 cm x 7.5 cm  (cao x đường kính)\n\n* Phong thủy: Hợp mệnh Mộc, Hợp mệnh Thủy.\n\n* Đặc điểm: Cây sống không cần đất, sống được trong môi trường máy lạnh, ánh sáng đèn, giếng trời, cửa sổ… phát triển chậm, không cần nhiều dinh dưỡng.\n\n* Sản Phẩm bao gồm: Chậu cây; Hộp; Tag tên; HD chăm sóc..\n\n* Bảo hành: 30 ngày\n\n* Thời gian sống: Trên 6 tháng.\n	\n* Mục đích sử dụng: Trang trí, Quà tặng,…”', NULL, NULL, NULL, 1000, 0),
(43, 2, NULL, 'Trầu Bà Brazil', 119000, 0, 0, 0, '/Default.png', '[\"\\/Products\\/QOA009.jpg\",\"\\/Products\\/QOA009-1.jpg\",\"\\/Products\\/QOA009-2.jpg\",\"\\/Products\\/QOA009-3.jpg\"]', 'Đặc điểm: Cây sống không cần đất, sống được trong môi trường máy lạnh, ánh sáng đèn, giếng trời, cửa sổ… phát triển chậm, không cần nhiều dinh dưỡng.', '* Kích thước: 13 cm x 7.5 cm  (cao x đường kính)\n\n* Phong thủy: Hợp mệnh Mộc, Hợp mệnh Hỏa.\n\n* Đặc điểm: Cây sống không cần đất, sống được trong môi trường máy lạnh, ánh sáng đèn, giếng trời, cửa sổ… phát triển chậm, không cần nhiều dinh dưỡng.\n\n* Sản Phẩm bao gồm: Chậu cây; Hộp; Tag tên; HD chăm sóc..\n\n* Bảo hành: 30 ngày\n\n* Thời gian sống: Trên 6 tháng.\n	\n* Mục đích sử dụng: Trang trí, Quà tặng,…”', NULL, NULL, NULL, 1000, 0),
(44, 2, NULL, 'Cây Lan Ý', 119000, 0, 0, 0, '/Default.png', '[\"\\/Products\\/QOA010.jpg\",\"\\/Products\\/QOA010-1.jpg\",\"\\/Products\\/QOA010-2.jpg\",\"\\/Products\\/QOA010-3.jpg\"]', 'Đặc điểm: Cây sống không cần đất, sống được trong môi trường máy lạnh, ánh sáng đèn, giếng trời, cửa sổ… phát triển chậm, không cần nhiều dinh dưỡng.', '* Kích thước: 15 cm x 7.5 cm  (cao x đường kính)\n\n* Phong thủy: Hợp mệnh Mộc, Hợp mệnh Thủy.\n\n* Đặc điểm: Cây sống không cần đất, sống được trong môi trường máy lạnh, ánh sáng đèn, giếng trời, cửa sổ… phát triển chậm, không cần nhiều dinh dưỡng.\n\n* Sản Phẩm bao gồm: Chậu cây; Hộp; Tag tên; HD chăm sóc..\n\n* Bảo hành: 30 ngày\n\n* Thời gian sống: Trên 6 tháng.\n	\n* Mục đích sử dụng: Trang trí, Quà tặng,…”', NULL, NULL, NULL, 1000, 0),
(45, 2, NULL, 'Ngọc Bích', 119000, 0, 0, 0, '/Default.png', '[\"\\/Products\\/QOA011.jpg\",\"\\/Products\\/QOA011-1.jpg\",\"\\/Products\\/QOA011-2.jpg\",\"\\/Products\\/QOA011-3.jpg\"]', 'Đặc điểm: Cây sống không cần đất, sống được trong môi trường máy lạnh, ánh sáng đèn, giếng trời, cửa sổ… phát triển chậm, không cần nhiều dinh dưỡng.', '* Kích thước: 13 cm x 7.5 cm  (cao x đường kính)\n\n* Phong thủy: Hợp mệnh Thủy, Hợp mệnh Kim.\n\n* Đặc điểm: Cây sống không cần đất, sống được trong môi trường máy lạnh, ánh sáng đèn, giếng trời, cửa sổ… phát triển chậm, không cần nhiều dinh dưỡng.\n\n* Sản Phẩm bao gồm: Chậu cây; Hộp; Tag tên; HD chăm sóc..\n\n* Bảo hành: 30 ngày\n\n* Thời gian sống: Trên 6 tháng.\n	\n* Mục đích sử dụng: Trang trí, Quà tặng,…”', NULL, NULL, NULL, 1000, 0),
(46, 2, NULL, 'Kim Ngân', 119000, 0, 0, 0, '/Default.png', '[\"\\/Products\\/QOA012.jpg\",\"\\/Products\\/QOA012-1.jpg\",\"\\/Products\\/QOA012-2.jpg\",\"\\/Products\\/QOA012-3.jpg\"]', 'Đặc điểm: Cây sống không cần đất, sống được trong môi trường máy lạnh, ánh sáng đèn, giếng trời, cửa sổ… phát triển chậm, không cần nhiều dinh dưỡng.\n', '* Kích thước: 18 cm x 7.5 cm  (cao x đường kính)\n\n* Phong thủy: Hợp mệnh Mộc, Hợp mệnh Thổ, Hợp mệnh Kim, Hợp mệnh Thủy, Hợp mệnh Hỏa.\n\n* Đặc điểm: Cây sống không cần đất, sống được trong môi trường máy lạnh, ánh sáng đèn, giếng trời, cửa sổ… phát triển chậm, không cần nhiều dinh dưỡng.\n\n* Sản Phẩm bao gồm: Chậu cây; Hộp; Tag tên; HD chăm sóc..\n\n* Bảo hành: 30 ngày\n\n* Thời gian sống: Trên 3 năm.\n	\n* Mục đích sử dụng: Trang trí, Quà tặng,…”', NULL, NULL, NULL, 1000, 0),
(47, 2, NULL, 'Trầu Bà Hồng', 119000, 0, 0, 0, '/Default.png', '[\"\\/Products\\/QOA013.jpg\",\"\\/Products\\/QOA013-1.jpg\",\"\\/Products\\/QOA013-2.jpg\",\"\\/Products\\/QOA013-3.jpg\"]', 'Đặc điểm: Cây sống không cần đất, sống được trong môi trường máy lạnh, ánh sáng đèn, giếng trời, cửa sổ… phát triển chậm, không cần nhiều dinh dưỡng.', '* Kích thước: 13 cm x 7.5 cm  (cao x đường kính)\n\n* Phong thủy: Hợp mệnh Mộc, Hợp mệnh Thổ.\n\n* Đặc điểm: Cây sống không cần đất, sống được trong môi trường máy lạnh, ánh sáng đèn, giếng trời, cửa sổ… phát triển chậm, không cần nhiều dinh dưỡng.\n\n* Sản Phẩm bao gồm: Chậu cây; Hộp; Tag tên; HD chăm sóc..\n\n* Bảo hành: 30 ngày\n\n* Thời gian sống: Trên 6 tháng.\n	\n* Mục đích sử dụng: Trang trí, Quà tặng,…”', NULL, NULL, NULL, 1000, 0),
(48, 2, NULL, 'Trường Sinh Cẩm Thạch', 119, 0, 0, 0, '/Default.png', '[\"\\/Products\\/QOA014.jpg\",\"\\/Products\\/QOA014-1.jpg\",\"\\/Products\\/QOA014-2.jpg\",\"\\/Products\\/QOA014-3.jpg\"]', 'Đặc điểm: Cây sống không cần đất, sống được trong môi trường máy lạnh, ánh sáng đèn, giếng trời, cửa sổ… phát triển chậm, không cần nhiều dinh dưỡng.', '* Kích thước: 13 cm x 7.5 cm  (cao x đường kính)\n\n* Phong thủy: Hợp mệnh Mộc, Hợp mệnh Hỏa.\n\n* Đặc điểm: Cây sống không cần đất, sống được trong môi trường máy lạnh, ánh sáng đèn, giếng trời, cửa sổ… phát triển chậm, không cần nhiều dinh dưỡng.\n\n* Sản Phẩm bao gồm: Chậu cây; Hộp; Tag tên; HD chăm sóc..\n\n* Bảo hành: 30 ngày\n\n* Thời gian sống: Trên 1 năm.\n	\n* Mục đích sử dụng: Trang trí, Quà tặng,…”', NULL, NULL, NULL, 1000, 0),
(49, 2, NULL, 'Lá Bạc Hà', 119000, 0, 0, 0, '/Default.png', '[\"\\/Products\\/QOA015.jpg\",\"\\/Products\\/QOA015-1.jpg\",\"\\/Products\\/QOA015-2.jpg\",\"\\/Products\\/QOA015-3.jpg\"]', 'Đặc điểm: Cây sống không cần đất, sống được trong môi trường máy lạnh, ánh sáng đèn, giếng trời, cửa sổ… phát triển chậm, không cần nhiều dinh dưỡng.', '* Kích thước: 13 cm x 7.5 cm  (cao x đường kính)\n\n* Phong thủy: Hợp mệnh Mộc, Hợp mệnh Thổ\n\n* Đặc điểm: Cây sống không cần đất, sống được trong môi trường máy lạnh, ánh sáng đèn, giếng trời, cửa sổ… phát triển chậm, không cần nhiều dinh dưỡng.\n\n* Sản Phẩm bao gồm: Chậu cây; Hộp; Tag tên; HD chăm sóc..\n\n* Bảo hành: 30 ngày\n\n* Thời gian sống: Trên 3 năm.\n	\n* Mục đích sử dụng: Trang trí, Quà tặng,…”', NULL, NULL, NULL, 1000, 0),
(50, 2, NULL, 'Tiểu cảnh để bàn', 250000, 0, 0, 0, '/Default.png', '[\"\\/Products\\/QG001.jpg\",\"\\/Products\\/QG001-1.jpg\",\"\\/Products\\/QG001-2.jpg\",\"\\/Products\\/QG001-3.jpg\"]', 'Đặc điểm: Sống dưới ánh sáng gián tiếp (đặc biệt ánh sáng đèn), chịu được nhiệt độ văn phòng (máy lạnh 20 – 28*C)', '* Kích thước:  10 cm\n\n* Hình dáng: Cầu treo\n\n* Thành phần: Cây mini, rêu, đất nhập khẩu dành riêng cho tiểu cảnh, đá, mô hình trang trí…\n\n* Đặc điểm: Sống dưới ánh sáng gián tiếp (đặc biệt ánh sáng đèn), chịu được nhiệt độ văn phòng (máy lạnh 20 – 28*C)\n\n* Thời gian sống: Trên 6 tháng\n\n* Bảo hành: 90 ngày\n\n* Mục đích sử dụng: Trang trí, Quà tặng,…', NULL, NULL, NULL, 1000, 0),
(51, 2, NULL, 'Tiểu cảnh để bàn', 289000, 0, 0, 0, '/Default.png', '[\"\\/Products\\/QG002.jpg\",\"\\/Products\\/QG002-1.jpg\",\"\\/Products\\/QG002-2.jpg\",\"\\/Products\\/QG002-3.jpg\"]', 'Đặc điểm: Sống dưới ánh sáng gián tiếp (đặc biệt ánh sáng đèn), chịu được nhiệt độ văn phòng (máy lạnh 20 – 28*C)', '* Kích thước:  10 cm\n\n* Hình dáng: Cầu treo\n\n* Thành phần: Cây mini, rêu, đất nhập khẩu dành riêng cho tiểu cảnh, đá, mô hình trang trí…\n\n* Đặc điểm: Sống dưới ánh sáng gián tiếp (đặc biệt ánh sáng đèn), chịu được nhiệt độ văn phòng (máy lạnh 20 – 28*C)\n\n* Thời gian sống: Trên 6 tháng\n\n* Bảo hành: 90 ngày\n\n* Mục đích sử dụng: Trang trí, Quà tặng, …', NULL, NULL, NULL, 1000, 0),
(52, 2, NULL, 'Tiểu cảnh để bàn', 289000, 0, 0, 0, '/Default.png', '[\"\\/Products\\/QG003.jpg\",\"\\/Products\\/QG003-1.jpg\",\"\\/Products\\/QG003-2.jpg\",\"\\/Products\\/QG003-3.jpg\"]', 'Đặc điểm: Sống dưới ánh sáng gián tiếp (đặc biệt ánh sáng đèn), chịu được nhiệt độ văn phòng (máy lạnh 20 – 28*C)', '* Kích thước:  10 cm\n\n* Hình dáng: Cầu treo\n\n* Thành phần: Cây mini, rêu, đất nhập khẩu dành riêng cho tiểu cảnh, đá, mô hình trang trí…\n\n* Đặc điểm: Sống dưới ánh sáng gián tiếp (đặc biệt ánh sáng đèn), chịu được nhiệt độ văn phòng (máy lạnh 20 – 28*C)\n\n* Thời gian sống: Trên 6 tháng\n\n* Bảo hành: 90 ngày\n\n* Mục đích sử dụng: Trang trí, Quà tặng, …', NULL, NULL, NULL, 1000, 0),
(53, 2, NULL, 'Tiểu cảnh để bàn', 360000, 0, 0, 0, '/Default.png', '[\"\\/Products\\/QG004.jpg\",\"\\/Products\\/QG004-1.jpg\",\"\\/Products\\/QG004-2.jpg\",\"\\/Products\\/QG004-3.jpg\"]', 'Đặc điểm: Sống dưới ánh sáng gián tiếp (đặc biệt ánh sáng đèn), chịu được nhiệt độ văn phòng (máy lạnh 20 – 28*C)', '* Kích thước:  13.5 cm\n\n* Hình dáng: Cầu treo\n\n* Thành phần: Cây mini, rêu, đất nhập khẩu dành riêng cho tiểu cảnh, đá, mô hình trang trí…\n\n* Đặc điểm: Sống dưới ánh sáng gián tiếp (đặc biệt ánh sáng đèn), chịu được nhiệt độ văn phòng (máy lạnh 20 – 28*C)\n\n* Thời gian sống: Trên 6 tháng\n\n* Bảo hành: 90 ngày\n\n* Mục đích sử dụng: Trang trí, Quà tặng, …', NULL, NULL, NULL, 1000, 0),
(54, 2, NULL, 'Tiểu cảnh để bàn', 450000, 0, 0, 0, '/Default.png', '[\"\\/Products\\/QG005.jpg\",\"\\/Products\\/QG005-1.jpg\",\"\\/Products\\/QG005-2.jpg\",\"\\/Products\\/QG005-3.jpg\"]', 'Đặc điểm: Sống dưới ánh sáng gián tiếp (đặc biệt ánh sáng đèn), chịu được nhiệt độ văn phòng (máy lạnh 20 – 28*C)', '* Kích thước:  15 cm\n\n* Hình dáng: Cầu treo\n\n* Thành phần: Cây mini, rêu, đất nhập khẩu dành riêng cho tiểu cảnh, đá, mô hình trang trí…\n\n* Đặc điểm: Sống dưới ánh sáng gián tiếp (đặc biệt ánh sáng đèn), chịu được nhiệt độ văn phòng (máy lạnh 20 – 28*C)\n\n* Thời gian sống: Trên 6 tháng\n\n* Bảo hành: 90 ngày\n\n* Mục đích sử dụng: Trang trí, Quà tặng, …', NULL, NULL, NULL, 1000, 0),
(55, 2, NULL, 'Tiểu cảnh để bàn', 360000, 0, 0, 0, '/Default.png', '[\"\\/Products\\/QG006.jpg\",\"\\/Products\\/QG006-1.jpg\",\"\\/Products\\/QG006-2.jpg\",\"\\/Products\\/QG006-3.jpg\"]', 'Đặc điểm: Sống dưới ánh sáng gián tiếp (đặc biệt ánh sáng đèn), chịu được nhiệt độ văn phòng (máy lạnh 20 – 28*C)', '* Kích thước:  13.5 cm\n\n* Hình dáng: Cầu treo\n\n* Thành phần: Cây mini, rêu, đất nhập khẩu dành riêng cho tiểu cảnh, đá, mô hình trang trí…\n\n* Đặc điểm: Sống dưới ánh sáng gián tiếp (đặc biệt ánh sáng đèn), chịu được nhiệt độ văn phòng (máy lạnh 20 – 28*C)\n\n* Thời gian sống: Trên 6 tháng\n\n* Bảo hành: 90 ngày\n\n* Mục đích sử dụng: Trang trí, Quà tặng, …', NULL, NULL, NULL, 1000, 0),
(56, 2, NULL, 'Tiểu cảnh để bàn', 360000, 0, 0, 0, '/Default.png', '[\"\\/Products\\/QG007.jpg\",\"\\/Products\\/QG007-1.jpg\",\"\\/Products\\/QG007-2.jpg\",\"\\/Products\\/QG007-3.jpg\"]', 'Đặc điểm: Sống dưới ánh sáng gián tiếp (đặc biệt ánh sáng đèn), chịu được nhiệt độ văn phòng (máy lạnh 20 – 28*C)', '* Kích thước:  13.5 cm\n\n* Hình dáng: Cầu treo\n\n* Thành phần: Cây mini, rêu, đất nhập khẩu dành riêng cho tiểu cảnh, đá, mô hình trang trí…\n\n* Đặc điểm: Sống dưới ánh sáng gián tiếp (đặc biệt ánh sáng đèn), chịu được nhiệt độ văn phòng (máy lạnh 20 – 28*C)\n\n* Thời gian sống: Trên 6 tháng\n\n* Bảo hành: 90 ngày\n\n* Mục đích sử dụng: Trang trí, Quà tặng, …', NULL, NULL, NULL, 1000, 0),
(57, 2, NULL, 'Tiểu cảnh để bàn', 360000, 0, 0, 0, '/Default.png', '[\"\\/Products\\/QG008.jpg\",\"\\/Products\\/QG008-1.jpg\",\"\\/Products\\/QG008-2.jpg\",\"\\/Products\\/QG008-3.jpg\"]', 'Đặc điểm: Sống dưới ánh sáng gián tiếp (đặc biệt ánh sáng đèn), chịu được nhiệt độ văn phòng (máy lạnh 20 – 28*C)', '* Kích thước:  13.5 cm\n\n* Hình dáng: Cầu treo\n\n* Thành phần: Cây mini, rêu, đất nhập khẩu dành riêng cho tiểu cảnh, đá, mô hình trang trí…\n\n* Đặc điểm: Sống dưới ánh sáng gián tiếp (đặc biệt ánh sáng đèn), chịu được nhiệt độ văn phòng (máy lạnh 20 – 28*C)\n\n* Thời gian sống: Trên 6 tháng\n\n* Bảo hành: 90 ngày\n\n* Mục đích sử dụng: Trang trí, Quà tặng, …', NULL, NULL, NULL, 1000, 0),
(58, 2, NULL, 'Tiểu cảnh để bàn', 360000, 0, 0, 0, '/Default.png', '[\"\\/Products\\/QG009.jpg\",\"\\/Products\\/QG009-1.jpg\",\"\\/Products\\/QG009-2.jpg\",\"\\/Products\\/QG009-3.jpg\"]', 'Đặc điểm: Sống dưới ánh sáng gián tiếp (đặc biệt ánh sáng đèn), chịu được nhiệt độ văn phòng (máy lạnh 20 – 28*C)', '* Kích thước:  13.5 cm\n\n* Hình dáng: Cầu treo\n\n* Thành phần: Cây mini, rêu, đất nhập khẩu dành riêng cho tiểu cảnh, đá, mô hình trang trí…\n\n* Đặc điểm: Sống dưới ánh sáng gián tiếp (đặc biệt ánh sáng đèn), chịu được nhiệt độ văn phòng (máy lạnh 20 – 28*C)\n\n* Thời gian sống: Trên 6 tháng\n\n* Bảo hành: 90 ngày\n\n* Mục đích sử dụng: Trang trí, Quà tặng, …', NULL, NULL, NULL, 1000, 0),
(59, 2, NULL, 'Tiểu cảnh để bàn', 450000, 0, 0, 0, '/Default.png', '[\"\\/Products\\/QG010.jpg\",\"\\/Products\\/QG010-1.jpg\",\"\\/Products\\/QG010-2.jpg\",\"\\/Products\\/QG010-3.jpg\"]', 'Đặc điểm: Sống dưới ánh sáng gián tiếp (đặc biệt ánh sáng đèn), chịu được nhiệt độ văn phòng (máy lạnh 20 – 28*C)', '* Kích thước:  15 cm\n\n* Hình dáng: Cầu treo\n\n* Thành phần: Cây mini, rêu, đất nhập khẩu dành riêng cho tiểu cảnh, đá, mô hình trang trí…\n\n* Đặc điểm: Sống dưới ánh sáng gián tiếp (đặc biệt ánh sáng đèn), chịu được nhiệt độ văn phòng (máy lạnh 20 – 28*C)\n\n* Thời gian sống: Trên 6 tháng\n\n* Bảo hành: 90 ngày\n\n* Mục đích sử dụng: Trang trí, Quà tặng, …', NULL, NULL, NULL, 1000, 0),
(60, 2, NULL, 'Tiểu cảnh để bàn', 360000, 0, 0, 0, '/Default.png', '[\"\\/Products\\/QG011.jpg\",\"\\/Products\\/QG011-1.jpg\",\"\\/Products\\/QG011-2.jpg\",\"\\/Products\\/QG011-3.jpg\"]', 'Đặc điểm: Sống dưới ánh sáng gián tiếp (đặc biệt ánh sáng đèn), chịu được nhiệt độ văn phòng (máy lạnh 20 – 28*C)', '* Kích thước:  13.5 cm\n\n* Hình dáng: Cầu treo\n\n* Thành phần: Cây mini, rêu, đất nhập khẩu dành riêng cho tiểu cảnh, đá, mô hình trang trí…\n\n* Đặc điểm: Sống dưới ánh sáng gián tiếp (đặc biệt ánh sáng đèn), chịu được nhiệt độ văn phòng (máy lạnh 20 – 28*C)\n\n* Thời gian sống: Trên 6 tháng\n\n* Bảo hành: 90 ngày\n\n* Mục đích sử dụng: Trang trí, Quà tặng, …', NULL, NULL, NULL, 1000, 0),
(61, 2, NULL, 'Tiểu cảnh để bàn', 360000, 0, 0, 0, '/Default.png', '[\"\\/Products\\/QG012.jpg\",\"\\/Products\\/QG012-1.jpg\",\"\\/Products\\/QG012-2.jpg\",\"\\/Products\\/QG012-3.jpg\"]', 'Đặc điểm: Sống dưới ánh sáng gián tiếp (đặc biệt ánh sáng đèn), chịu được nhiệt độ văn phòng (máy lạnh 20 – 28*C)', '* Kích thước:  13.5 cm\n\n* Hình dáng: Cầu tròn miệng nghiêng\n\n* Thành phần: Cây mini, rêu, đất nhập khẩu dành riêng cho tiểu cảnh, đá, mô hình trang trí…\n\n* Đặc điểm: Sống dưới ánh sáng gián tiếp (đặc biệt ánh sáng đèn), chịu được nhiệt độ văn phòng (máy lạnh 20 – 28*C)\n\n* Thời gian sống: Trên 6 tháng\n\n* Bảo hành: 90 ngày\n\n* Mục đích sử dụng: Trang trí, Quà tặng, …', NULL, NULL, NULL, 1000, 0),
(62, 2, NULL, 'Tiểu cảnh để bàn', 450000, 0, 0, 0, '/Default.png', '[\"\\/Products\\/QG013.jpg\",\"\\/Products\\/QG013-1.jpg\",\"\\/Products\\/QG013-2.jpg\",\"\\/Products\\/QG013-3.jpg\"]', 'Sống dưới ánh sáng gián tiếp (đặc biệt ánh sáng đèn), chịu được nhiệt độ văn phòng (máy lạnh 20 – 28*C)', '* Kích thước:  15 cm\n\n* Hình dáng: Cầu treo\n\n* Thành phần: Cây mini, rêu, đất nhập khẩu dành riêng cho tiểu cảnh, đá, mô hình trang trí…\n\n* Đặc điểm: Sống dưới ánh sáng gián tiếp (đặc biệt ánh sáng đèn), chịu được nhiệt độ văn phòng (máy lạnh 20 – 28*C)\n\n* Thời gian sống: Trên 6 tháng\n\n* Bảo hành: 90 ngày\n\n* Mục đích sử dụng: Trang trí, Quà tặng, …', NULL, NULL, NULL, 1000, 0),
(63, 2, NULL, 'Tiểu cảnh để bàn', 360000, 0, 0, 0, '/Default.png', '[\"\\/Products\\/QG014.jpg\",\"\\/Products\\/QG014-1.jpg\",\"\\/Products\\/QG014-2.jpg\",\"\\/Products\\/QG014-3.jpg\"]', 'Đặc điểm: Sống dưới ánh sáng gián tiếp (đặc biệt ánh sáng đèn), chịu được nhiệt độ văn phòng (máy lạnh 20 – 28*C)', '* Kích thước:  13.5 cm\n\n* Hình dáng: Cầu treo\n\n* Thành phần: Cây mini, rêu, đất nhập khẩu dành riêng cho tiểu cảnh, đá, mô hình trang trí…\n\n* Đặc điểm: Sống dưới ánh sáng gián tiếp (đặc biệt ánh sáng đèn), chịu được nhiệt độ văn phòng (máy lạnh 20 – 28*C)\n\n* Thời gian sống: Trên 6 tháng\n\n* Bảo hành: 90 ngày\n\n* Mục đích sử dụng: Trang trí, Quà tặng, …', NULL, NULL, NULL, 1000, 0),
(64, 2, NULL, 'Tiểu cảnh để bàn', 450000, 0, 0, 0, '/Default.png', '[\"\\/Products\\/QG015.jpg\",\"\\/Products\\/QG015-1.jpg\",\"\\/Products\\/QG015-2.jpg\",\"\\/Products\\/QG015-3.jpg\"]', 'Đặc điểm: Sống dưới ánh sáng gián tiếp (đặc biệt ánh sáng đèn), chịu được nhiệt độ văn phòng (máy lạnh 20 – 28*C)', '* Kích thước:  15 cm\n\n* Hình dáng: Cầu treo\n\n* Thành phần: Cây mini, rêu, đất nhập khẩu dành riêng cho tiểu cảnh, đá, mô hình trang trí…\n\n* Đặc điểm: Sống dưới ánh sáng gián tiếp (đặc biệt ánh sáng đèn), chịu được nhiệt độ văn phòng (máy lạnh 20 – 28*C)\n\n* Thời gian sống: Trên 6 tháng\n\n* Bảo hành: 90 ngày\n\n* Mục đích sử dụng: Trang trí, Quà tặng, …', NULL, NULL, NULL, 1000, 0),
(65, 2, NULL, 'Tiểu cảnh để bàn', 450000, 0, 0, 0, '/Default.png', '[\"\\/Products\\/QG016.jpg\",\"\\/Products\\/QG016-1.jpg\",\"\\/Products\\/QG016-2.jpg\",\"\\/Products\\/QG016-3.jpg\"]', 'Đặc điểm: Sống dưới ánh sáng gián tiếp (đặc biệt ánh sáng đèn), chịu được nhiệt độ văn phòng (máy lạnh 20 – 28*C)', '* Kích thước:  15 cm\n\n* Hình dáng: Cầu treo\n\n* Thành phần: Cây mini, rêu, đất nhập khẩu dành riêng cho tiểu cảnh, đá, mô hình trang trí…\n\n* Đặc điểm: Sống dưới ánh sáng gián tiếp (đặc biệt ánh sáng đèn), chịu được nhiệt độ văn phòng (máy lạnh 20 – 28*C)\n\n* Thời gian sống: Trên 6 tháng\n\n* Bảo hành: 90 ngày\n\n* Mục đích sử dụng: Trang trí, Quà tặng, …', NULL, NULL, NULL, 1000, 0),
(66, 2, NULL, 'Tiểu cảnh để bàn', 450000, 0, 0, 0, '/Default.png', '[\"\\/Products\\/QG017.jpg\",\"\\/Products\\/QG017-1.jpg\",\"\\/Products\\/QG017-2.jpg\",\"\\/Products\\/QG017-3.jpg\"]', 'Đặc điểm: Sống dưới ánh sáng gián tiếp (đặc biệt ánh sáng đèn), chịu được nhiệt độ văn phòng (máy lạnh 20 – 28*C)', '* Kích thước:  15 cm\n\n* Hình dáng: Cầu tròn miệng nghiêng\n\n* Thành phần: Cây mini, rêu, đất nhập khẩu dành riêng cho tiểu cảnh, đá, mô hình trang trí…\n\n* Đặc điểm: Sống dưới ánh sáng gián tiếp (đặc biệt ánh sáng đèn), chịu được nhiệt độ văn phòng (máy lạnh 20 – 28*C)\n\n* Thời gian sống: Trên 6 tháng\n\n* Bảo hành: 90 ngày\n\n* Mục đích sử dụng: Trang trí, Quà tặng, …', NULL, NULL, NULL, 1000, 0),
(67, 2, NULL, 'Tiểu cảnh để bàn', 450000, 0, 0, 0, '/Default.png', '[\"\\/Products\\/QG018.jpg\",\"\\/Products\\/QG018-1.jpg\",\"\\/Products\\/QG018-2.jpg\",\"\\/Products\\/QG018-3.jpg\"]', 'Đặc điểm: Sống dưới ánh sáng gián tiếp (đặc biệt ánh sáng đèn), chịu được nhiệt độ văn phòng (máy lạnh 20 – 28*C)', '* Kích thước:  15 cm\n\n* Hình dáng: Cầu treo\n\n* Thành phần: Cây mini, rêu, đất nhập khẩu dành riêng cho tiểu cảnh, đá, mô hình trang trí…\n\n* Đặc điểm: Sống dưới ánh sáng gián tiếp (đặc biệt ánh sáng đèn), chịu được nhiệt độ văn phòng (máy lạnh 20 – 28*C)\n\n* Thời gian sống: Trên 6 tháng\n\n* Bảo hành: 90 ngày\n\n* Mục đích sử dụng: Trang trí, Quà tặng, …', NULL, NULL, NULL, 1000, 0),
(68, 2, NULL, 'Tiểu cảnh để bàn', 450000, 0, 0, 0, '/Default.png', '[\"\\/Products\\/QG019.jpg\",\"\\/Products\\/QG019-1.jpg\",\"\\/Products\\/QG019-2.jpg\",\"\\/Products\\/QG019-3.jpg\"]', 'Đặc điểm: Sống dưới ánh sáng gián tiếp (đặc biệt ánh sáng đèn), chịu được nhiệt độ văn phòng (máy lạnh 20 – 28*C)', '* Kích thước:  15 cm\n\n* Hình dáng: Cầu treo\n\n* Thành phần: Cây mini, rêu, đất nhập khẩu dành riêng cho tiểu cảnh, đá, mô hình trang trí…\n\n* Đặc điểm: Sống dưới ánh sáng gián tiếp (đặc biệt ánh sáng đèn), chịu được nhiệt độ văn phòng (máy lạnh 20 – 28*C)\n\n* Thời gian sống: Trên 6 tháng\n\n* Bảo hành: 90 ngày\n\n* Mục đích sử dụng: Trang trí, Quà tặng, …', NULL, NULL, NULL, 1000, 0),
(69, 2, NULL, 'Tiểu cảnh để bàn', 450000, 0, 0, 0, '/Default.png', '[\"\\/Products\\/QG020.jpg\",\"\\/Products\\/QG020-1.jpg\",\"\\/Products\\/QG020-2.jpg\",\"\\/Products\\/QG020-3.jpg\"]', 'Đặc điểm: Sống dưới ánh sáng gián tiếp (đặc biệt ánh sáng đèn), chịu được nhiệt độ văn phòng (máy lạnh 20 – 28*C)', '* Kích thước:  15 cm\n\n* Hình dáng: Cầu treo\n\n* Thành phần: Cây mini, rêu, đất nhập khẩu dành riêng cho tiểu cảnh, đá, mô hình trang trí…\n\n* Đặc điểm: Sống dưới ánh sáng gián tiếp (đặc biệt ánh sáng đèn), chịu được nhiệt độ văn phòng (máy lạnh 20 – 28*C)\n\n* Thời gian sống: Trên 6 tháng\n\n* Bảo hành: 90 ngày\n\n* Mục đích sử dụng: Trang trí, Quà tặng, …', NULL, NULL, NULL, 1000, 0),
(70, 2, NULL, 'Tiểu cảnh để bàn', 360000, 0, 0, 0, '/Default.png', '[\"\\/Products\\/QG021.jpg\",\"\\/Products\\/QG021-1.jpg\",\"\\/Products\\/QG021-2.jpg\",\"\\/Products\\/QG021-3.jpg\"]', 'Đặc điểm: Sống dưới ánh sáng gián tiếp (đặc biệt ánh sáng đèn), chịu được nhiệt độ văn phòng (máy lạnh 20 – 28*C)', '* Kích thước:  15 cm\n\n* Hình dáng: Cầu treo\n\n* Thành phần: Cây mini, rêu, đất nhập khẩu dành riêng cho tiểu cảnh, đá, mô hình trang trí…\n\n* Đặc điểm: Sống dưới ánh sáng gián tiếp (đặc biệt ánh sáng đèn), chịu được nhiệt độ văn phòng (máy lạnh 20 – 28*C)\n\n* Thời gian sống: Trên 6 tháng\n\n* Bảo hành: 90 ngày\n\n* Mục đích sử dụng: Trang trí, Quà tặng, …', NULL, NULL, NULL, 1000, 0),
(71, 2, NULL, 'Tiểu cảnh để bàn', 360000, 0, 0, 0, '/Default.png', '[\"\\/Products\\/QG022.jpg\",\"\\/Products\\/QG022-1.jpg\",\"\\/Products\\/QG022-2.jpg\",\"\\/Products\\/QG022-3.jpg\"]', 'Đặc điểm: Sống dưới ánh sáng gián tiếp (đặc biệt ánh sáng đèn), chịu được nhiệt độ văn phòng (máy lạnh 20 – 28*C)', '* Kích thước:  13.5 cm\n\n* Hình dáng: Cầu treo\n\n* Thành phần: Cây mini, rêu, đất nhập khẩu dành riêng cho tiểu cảnh, đá, mô hình trang trí…\n\n* Đặc điểm: Sống dưới ánh sáng gián tiếp (đặc biệt ánh sáng đèn), chịu được nhiệt độ văn phòng (máy lạnh 20 – 28*C)\n\n* Thời gian sống: Trên 6 tháng\n\n* Bảo hành: 90 ngày\n\n* Mục đích sử dụng: Trang trí, Quà tặng, …', NULL, NULL, NULL, 1000, 0),
(72, 2, NULL, 'Tiểu cảnh để bàn', 360000, 0, 0, 0, '/Default.png', '[\"\\/Products\\/QG023.jpg\",\"\\/Products\\/QG023-1.jpg\",\"\\/Products\\/QG023-2.jpg\",\"\\/Products\\/QG023-3.jpg\"]', 'Đặc điểm: Sống dưới ánh sáng gián tiếp (đặc biệt ánh sáng đèn), chịu được nhiệt độ văn phòng (máy lạnh 20 – 28*C)', '* Kích thước:  13.5 cm\n\n* Hình dáng: Cầu tròn miệng nghiêng\n\n* Thành phần: Cây mini, rêu, đất nhập khẩu dành riêng cho tiểu cảnh, đá, mô hình trang trí…\n\n* Đặc điểm: Sống dưới ánh sáng gián tiếp (đặc biệt ánh sáng đèn), chịu được nhiệt độ văn phòng (máy lạnh 20 – 28*C)\n\n* Thời gian sống: Trên 6 tháng\n\n* Bảo hành: 90 ngày\n\n* Mục đích sử dụng: Trang trí, Quà tặng, …', NULL, NULL, NULL, 1000, 0),
(73, 2, NULL, 'Tiểu cảnh để bàn', 360000, 0, 0, 0, '/Default.png', '[\"\\/Products\\/QG024.jpg\",\"\\/Products\\/QG024-1.jpg\",\"\\/Products\\/QG024-2.jpg\",\"\\/Products\\/QG024-3.jpg\"]', 'Đặc điểm: Sống dưới ánh sáng gián tiếp (đặc biệt ánh sáng đèn), chịu được nhiệt độ văn phòng (máy lạnh 20 – 28*C)', '* Kích thước:  13.5 cm\n\n* Hình dáng: Cầu tròn treo\n\n* Thành phần: Cây mini, rêu, đất nhập khẩu dành riêng cho tiểu cảnh, đá, mô hình trang trí…\n\n* Đặc điểm: Sống dưới ánh sáng gián tiếp (đặc biệt ánh sáng đèn), chịu được nhiệt độ văn phòng (máy lạnh 20 – 28*C)\n\n* Thời gian sống: Trên 6 tháng\n\n* Bảo hành: 90 ngày\n\n* Mục đích sử dụng: Trang trí, Quà tặng, …', NULL, NULL, NULL, 1000, 0),
(74, 2, NULL, 'Tiểu cảnh để bàn', 360000, 0, 0, 0, '/Default.png', '[\"\\/Products\\/QG025.jpg\",\"\\/Products\\/QG025-1.jpg\",\"\\/Products\\/QG025-2.jpg\",\"\\/Products\\/QG025-3.jpg\"]', 'Đặc điểm: Sống dưới ánh sáng gián tiếp (đặc biệt ánh sáng đèn), chịu được nhiệt độ văn phòng (máy lạnh 20 – 28*C)', '* Kích thước:  13.5 cm\n\n* Hình dáng: Cầu tròn treo\n\n* Thành phần: Cây mini, rêu, đất nhập khẩu dành riêng cho tiểu cảnh, đá, mô hình trang trí…\n\n* Đặc điểm: Sống dưới ánh sáng gián tiếp (đặc biệt ánh sáng đèn), chịu được nhiệt độ văn phòng (máy lạnh 20 – 28*C)\n\n* Thời gian sống: Trên 6 tháng\n\n* Bảo hành: 90 ngày\n\n* Mục đích sử dụng: Trang trí, Quà tặng, …', NULL, NULL, NULL, 1000, 0),
(75, 3, NULL, 'Garden Power Power Pruning Shears', 145000, 0, 0, 0, '/Default.png', '[\"\\/Products\\/QGF001-1.jpg\",\"\\/Products\\/QGF001.jpg\",\"\\/Products\\/QGF001-2.jpg\",\"\\/Products\\/QGF001-5.jpg\"]', '* Kéo cắt tỉa điện EAST ET1505 Garden Power Kéo cắt pin không dây 3.6V Máy cắt nhánh\n\nkhông dây EAST có khả năng cắt gỗ mềm có đường kính lên đến 14mm cũng như gỗ cứng có đường kính lên đến 9mm, tất 	cả chỉ bằng một lần kéo Kích hoạt.\nNó có thể cung cấp một cắt sạch và có một thiết kế nhẹ để đảm bảo cảm giác thoải mái ngay cả khi làm việc trong 	một thời gian dài.\nVới lưỡi thép bền và đường kính cắt tối đa 14mm, thật dễ dàng để cắt tỉa tất cả các loại cây như hoa hồng, hoa, 	cây mọng, cây bụi, cây thường xanh, v.v.', '* Kéo cắt tỉa điện EAST ET1505 Garden Power Kéo cắt pin không dây 3.6V Máy cắt nhánh\n\nkhông dây EAST có khả năng cắt gỗ mềm có đường kính lên đến 14mm cũng như gỗ cứng có đường kính lên đến 9mm, tất cả chỉ bằng một lần kéo Kích hoạt.\nNó có thể cung cấp một cắt sạch và có một thiết kế nhẹ để đảm bảo cảm giác thoải mái ngay cả khi làm việc trong một thời gian dài.\nVới lưỡi thép bền và đường kính cắt tối đa 14mm, thật dễ dàng để cắt tỉa tất cả các loại cây như hoa hồng, hoa, cây mọng, cây bụi, cây thường xanh, v.v.\n\n* Thông số kỹ thuật:\n\nĐiện áp: 3.6V\nPin DC : Pin Lit-ion\nDung lượng pin: 1.5ah\nThời gian sạc: 4 giờ\nTốc độ không tải: 1,2s / lần\nCắt tối đa: 14mm\n\n* Gói bao gồm:\n\n1 x Cắt tỉa điện\n1 x Bộ sạc (phích cắm EU)\n1 x Hướng dẫn sử dụng tiếng Anh', NULL, NULL, NULL, 1000, 0),
(76, 3, NULL, 'Garden Fruit Tree Pro Pruning Shears Scissor', 440000, 0, 0, 0, '/Default.png', '[\"\\/Products\\/QGF002-1.jpg\",\"\\/Products\\/QGF002-2.jpg\",\"\\/Products\\/QGF002-3.jpg\",\"\\/Products\\/QGF002-4.jpg\"]', '* Garden Fruit Pro Pro Pruning Shears Scissor Ghép dụng cụ cắt Phù hợp với\n\n2 trong 1 Fruit Tree Pro Pruning Shears Scissor Ghép dụng cụ cắt.\nCắt một giao diện anastomotic với hiệu quả cao. Dễ dàng sử dụng và tiết kiệm 40% thời gian và năng lượng của phương pháp ghép truyền thống.\nThay đổi lưỡi dao bạn thích. Được sử dụng để ghép và tỉa tất cả các loại cành cây và hoa.', '* Garden Fruit Pro Pro Pruning Shears Scissor Ghép dụng cụ cắt Phù hợp với\n\n2 trong 1 Fruit Tree Pro Pruning Shears Scissor Ghép dụng cụ cắt.\nCắt một giao diện anastomotic với hiệu quả cao. Dễ dàng sử dụng và tiết kiệm 40% thời gian và năng lượng của phương pháp ghép truyền thống.\nThay đổi lưỡi dao bạn thích. Được sử dụng để ghép và tỉa tất cả các loại cành cây và hoa.\n\n* Thông số kỹ thuật:\n\nChất liệu: Thép Carbon cao\nTính năng: Grip chống trượt, gấp, kính thiên văn\nHoàn thiện: Nhựa tráng\nLoại tỉa: Anvil\nĐường kính ghép: 5-12mm Ghép\nliên kết Chiều rộng: 2\nmm Độ sâu liên kết ghép: 10 mm\nMàu sắc: Đen\nTrọng lượng: 300g\n\n* Lưu ý:\n\nKhông sử dụng trên cành cứng khô hoặc cũ.\nGiữ trẻ tránh xa các dụng cụ cắt.\n\n* Gói bao gồm:\n\n1 x Công cụ cắt ghép (Với Lưỡi cắt hình chữ U)\n2 x Lưỡi (Hình chữ V & Ω Hình dạng)\n1 x Cờ lê\n1 x Tuốc nơ vít\n1 x Hộp đóng gói', NULL, NULL, NULL, 1000, 0),
(77, 3, NULL, 'Lưỡi dao sắt cho máy cắt tỉa cây ăn quả', 110000, 0, 0, 0, '/Default.png', '[\"\\/Products\\/QGF006-2.jpg\",\"\\/Products\\/QGF006.jpg\",\"\\/Products\\/QGF006-1.jpg\",\"\\/Products\\/QGF006-4.jpg\"]', '* Mô tả:\n\nLưỡi sắt để ghép vườn machin e.\nThay thế lưỡi cắt cũ theo nhu cầu của bạn.\nCó ba hình dạng để lựa chọn.', '* Mô tả:\n\nLưỡi sắt để ghép vườn machin e.\nThay thế lưỡi cắt cũ theo nhu cầu của bạn.\nCó ba hình dạng để lựa chọn.\n\n	* Thông số kỹ thuật:\n\nChất liệu: Sắt\nMàu: Đen\nKích thước: Xấp xỉ. 4x3cm\nHình dạng: Hình chữ V, hình chữ U, Ω hình dạng\n\n	* Gói bao gồm:\n\n1 x Lưỡi dao (không bao gồm giá đỡ)', NULL, NULL, NULL, 1000, 0),
(78, 3, NULL, 'Kéo cắt tỉa làm vườn cắt tỉa 30 mm', 460000, 0, 0, 0, '/Default.png', '[\"\\/Products\\/QGF007.jpg\",\"\\/Products\\/QGF007-1.jpg\",\"\\/Products\\/QGF007-2.jpg\",\"\\/Products\\/QGF007-3.jpg\"]', '* Đặc tính:\n\nThiết kế cấu trúc trợ lý phân khúc\nNó là rất đông để cắt cành và nhánh cứng.\nĐối với các nhánh lớn hơn 25 mm và dưới 30 mm, nếu không thể cắt lần đầu tiên, sau khi cắt mạnh xuống, một chút nới lỏng tay của bạn và cấu trúc cắt các nhánh sẽ nhảy lên cấp độ tiếp theo, và sau đó buộc phải cắt lên.\nNếu bạn không cắt, thả tay ra một lần nữa, cắt lại, nó có thể bị cắt hoàn toàn.\nMùa xuân tích hợp và cơ chế xử lý cơ thể\nThích hợp cho việc cắt tỉa vườn, thu thập nho và cam quýt', '* Đặc tính:\n\nThiết kế cấu trúc trợ lý phân khúc\nNó là rất đông để cắt cành và nhánh cứng.\nĐối với các nhánh lớn hơn 25 mm và dưới 30 mm, nếu không thể cắt lần đầu tiên, sau khi cắt mạnh xuống, một chút nới lỏng tay của bạn và cấu trúc cắt các nhánh sẽ nhảy lên cấp độ tiếp theo, và sau đó buộc phải cắt lên.\nNếu bạn không cắt, thả tay ra một lần nữa, cắt lại, nó có thể bị cắt hoàn toàn.\nMùa xuân tích hợp và cơ chế xử lý cơ thể\nThích hợp cho việc cắt tỉa vườn, thu thập nho và cam quýt\n\n* Thông số kỹ thuật:\n\nChất liệu sản phẩm: SK - 5 thép carbon cao\nĐường kính cắt: 30 mm\nTổng kích thước: 18cm x 7cm\nChiều dài tay cầm: 13cm\nLưỡi dài: 6cm\n\n* Gói bao gồm:\n\n1 X kéo tỉa\n\n* Để ý:\nMột lưỡi dao sắc, xin vui lòng đặt nó ngoài tầm với của trẻ em.', NULL, NULL, NULL, 1000, 0),
(79, 3, NULL, 'Công cụ ghép Cây cảnh', 395000, 0, 0, 0, '/Default.png', '[\"\\/Products\\/QGF009-2.jpg\",\"\\/Products\\/QGF009.jpg\",\"\\/Products\\/QGF009-1.jpg\",\"\\/Products\\/QGF009-3.jpg\"]', '* Mô tả:\n\nKéo cắt tỉa di động trong vườn Cây ăn quả Chi nhánh Công cụ ghép Cây cảnh Thiết kế tiết kiệm lao động', '* Mô tả:\n\nKéo cắt tỉa di động trong vườn Cây ăn quả Chi nhánh Công cụ ghép Cây cảnh Thiết kế tiết kiệm lao động\n\n* Thông số kỹ thuật:\n\nChất liệu: Hợp kim nhôm\nKích thước: 210 x 55mm / 8.26 \'\' x 2.16 \"\nTrọng lượng: 252g\nỨng dụng: Cành tỉa, tỉa cành, tỉa hoa, v.v.\n\n* Gói bao gồm:\n\n1 x Kéo cắt tỉa làm vườn', NULL, NULL, NULL, 1000, 0),
(80, 3, NULL, 'Dụng cụ làm vườn, vườn ươm, cây ăn quả ghép', 788000, 0, 0, 0, '/Default.png', '[\"\\/Products\\/QGF010-1.jpg\",\"\\/Products\\/QGF010-2.jpg\",\"\\/Products\\/QGF010.jpg\",\"\\/Products\\/QGF010-4.jpg\"]', '* Đặc tính:\n\nKhả năng sống sót cao, tốc độ nhanh.\nCó thể sử dụng cho các chi nhánh 1-2 năm tuổi.\nDễ dàng cắt gốc ghép và loại U anionomizing, chữa lành nhanh chóng.\nDễ dàng sử dụng và nhanh chóng. engraft hơn truyền thống tiết kiệm 40% thời gian và năng lượng.\nCải thiện tốc độ ghép, thao tác đơn giản, cắt cành với tốc độ nhanh.\nGiảm chi phí sản xuất, cải thiện sản phẩm cạnh tranh.\nMáy ghép áp dụng cho cây ăn quả, cây, cây ghép, dễ sống hơn so với sử dụng dao ghép nói chung, cải thiện 10% để tồn tại\nKhắc phục công nghệ thao tác thủ công không đủ, cung cấp kỹ thuật ghép thuận tiện, cắt mặt mịn, vẩy và cắt bề mặt khớp hoàn hảo', '* Đặc tính:\n\nKhả năng sống sót cao, tốc độ nhanh.\nCó thể sử dụng cho các chi nhánh 1-2 năm tuổi.\nDễ dàng cắt gốc ghép và loại U anionomizing, chữa lành nhanh chóng.\nDễ dàng sử dụng và nhanh chóng. engraft hơn truyền thống tiết kiệm 40% thời gian và năng lượng.\nCải thiện tốc độ ghép, thao tác đơn giản, cắt cành với tốc độ nhanh.\nGiảm chi phí sản xuất, cải thiện sản phẩm cạnh tranh.\nMáy ghép áp dụng cho cây ăn quả, cây, cây ghép, dễ sống hơn so với sử dụng dao ghép nói chung, cải thiện 10% để tồn tại\nKhắc phục công nghệ thao tác thủ công không đủ, cung cấp kỹ thuật ghép thuận tiện, cắt mặt mịn, vẩy và cắt bề mặt khớp hoàn hảo\n\n* Thông số kỹ thuật:\n\nTrọng lượng: 485g\nTổng chiều dài: 20 cm\nKích thước mở: 15cm\nChất liệu lưỡi cắt: Thép carbon cao SK-5\nĐường kính cành ghép: 3,5mm-13mm\n\n* Gói bao gồm:\n\n1 x Công cụ ghép ghép\n1 x Black Blade \n\n* Lưu ý ấm:\n\n1. Sau mỗi lần sử dụng, cần lau sạch nhựa trên kéo bằng một chút dầu của vải.\n2. Không thể ghép mikie, cành cũ, gỗ cứng. Đề xuất cho các nhánh mềm nhất, dễ dàng sống sót.\n3. Lưỡi dao rất sắc, nếu sử dụng không đúng cách, nó có thể gây thương tích cơ thể nghiêm trọng. Cũng như các công cụ khác, sản phẩm nên được đặt ngoài tầm với của trẻ em.', NULL, NULL, NULL, 1000, 0),
(81, 4, NULL, 'Bình Cầu Miệng Nghiêng 16cm', 150000, 0, 0, 0, '/Default.png', '[\"\\/Products\\/QGD001.jpg\",\"\\/Products\\/QGD001-1.jpg\",\"\\/Products\\/QGD001-2.jpg\",\"\\/Products\\/QGD001-3.jpg\"]', 'Mục đích: Trang trí quán cafe, văn phòng, trồng tiểu cảnh terrarium…', '* Hình dáng: Quả cầu có đế để bàn\n\n* Kích thước:  16 x 16 cm\n\n* Xuất xứ: Nhập khẩu\n\n* Mục đích: Trang trí quán cafe, văn phòng, trồng tiểu cảnh terrarium…\n\n* Trang trí: Đa dạng', NULL, NULL, NULL, 1000, 0),
(82, 4, NULL, 'Bình Thủy Tinh Nắp Chụp', 150000, 0, 0, 0, '/Default.png', '[\"\\/Products\\/QGD002.jpg\",\"\\/Products\\/QGD002-1.jpg\",\"\\/Products\\/QGD002-2.jpg\",\"\\/Products\\/QGD002-3.jpg\"]', 'Mục đích: Trang trí quán cafe, văn phòng, trồng tiểu cảnh terrarium, bảo quản hoa hồng vĩnh cửu…', '* Hình dáng: Bình trụ có đế ( có thể tháo rời)\n\n* Kích thước:  10 x 15 cm\n\n* Xuất xứ: Nhập khẩu\n\n* Mục đích: Trang trí quán cafe, văn phòng, trồng tiểu cảnh terrarium, bảo quản hoa hồng vĩnh cửu…\n\n* Trang trí: Đa dạng', NULL, NULL, NULL, 1000, 0);
INSERT INTO `Products` (`ProductID`, `ProductCategoryID`, `ProductsubCategoryID`, `ProductName`, `ProductPrice`, `ProductRateAvg`, `ProductTotalRate`, `ProductDiscount`, `ProductDefaultImage`, `ProductImageList`, `ProductPreview`, `ProductDescription`, `ProductType`, `Productsize`, `ProductColor`, `ProductAvailable`, `ProductTotalReview`) VALUES
(83, 4, NULL, 'Bình Cầu Miệng Nghiêng 13.5cm', 100000, 0, 0, 0, '/Default.png', '[\"\\/Products\\/QGD003.jpg\",\"\\/Products\\/QGD003-1.jpg\",\"\\/Products\\/QGD003-2.jpg\",\"\\/Products\\/QGD003-3.jpg\"]', 'Mục đích: Trang trí quán cafe, văn phòng, trồng tiểu cảnh terrarium…', '* Hình dáng: Quả cầu có đế để bàn\n\n* Kích thước:  13.5 x 13.5 cm\n\n* Xuất xứ: Nhập khẩu\n\n* Mục đích: Trang trí quán cafe, văn phòng, trồng tiểu cảnh terrarium…\n\n* Trang trí: Đa dạng', NULL, NULL, NULL, 1000, 0),
(84, 4, NULL, 'Chum Thủy Tinh Nắp Gỗ', 160000, 0, 0, 0, '/Default.png', '[\"\\/Products\\/QGD004.jpg\",\"\\/Products\\/QGD004-1.jpg\",\"\\/Products\\/QGD004-2.jpg\",\"\\/Products\\/QGD004-3.jpg\"]', 'Mục đích: Trang trí quán cafe, văn phòng, trồng tiểu cảnh terrarium…', '* Hình dáng: Chum có nắp gỗ.\n\n* Kích thước:  16 x 20 cm\n\n* Xuất xứ: Nhập khẩu\n\n* Mục đích: Trang trí quán cafe, văn phòng, trồng tiểu cảnh terrarium…\n\n* Trang trí: Đa dạng', NULL, NULL, NULL, 1000, 0),
(85, 4, NULL, 'Bình Cầu Miệng Nghiêng 10cm', 60000, 0, 0, 0, '/Default.png', '[\"\\/Products\\/QGD005.jpg\",\"\\/Products\\/QGD005-1.jpg\",\"\\/Products\\/QGD005-2.jpg\",\"\\/Products\\/QGD005-3.jpg\"]', 'Mục đích: Trang trí quán cafe, văn phòng, trồng tiểu cảnh terrarium…', '* Hình dáng: Quả cầu có đế để bàn\n\n* Kích thước:  10 x 10 cm\n\n* Xuất xứ: Nhập khẩu\n\n* Mục đích: Trang trí quán cafe, văn phòng, trồng tiểu cảnh terrarium…\n\n* Trang trí: Đa dạng', NULL, NULL, NULL, 1000, 0),
(86, 4, NULL, 'Cầu Treo Thủy Tinh 16cm', 150000, 0, 0, 0, '/Default.png', '[\"\\/Products\\/QGD006.jpg\",\"\\/Products\\/QGD006-1.jpg\",\"\\/Products\\/QGD006-2.jpg\",\"\\/Products\\/QGD006-3.jpg\"]', 'Mục đích: Trang trí quán cafe, văn phòng, trồng tiểu cảnh terrarium…', '* Hình dáng: Quả cầu treo (có đế)\n\n* Kích thước:  16 x 16 cm\n\n* Xuất xứ: Nhập khẩu\n\n* Mục đích: Trang trí quán cafe, văn phòng, trồng tiểu cảnh terrarium…\n\n* Trang trí: Đa dạng', NULL, NULL, NULL, 1000, 0),
(87, 4, NULL, 'Cầu Treo Thủy Tinh 13.5cm', 110000, 0, 0, 0, '/Default.png', '[\"\\/Products\\/QGD007.jpg\",\"\\/Products\\/QGD007-1.jpg\",\"\\/Products\\/QGD007-2.jpg\",\"\\/Products\\/QGD007-3.jpg\"]', 'Mục đích: Trang trí quán cafe, văn phòng, trồng tiểu cảnh terrarium…', '* Hình dáng: Quả cầu treo (có đế)\n\n* Kích thước:  13.5 x 13.5 cm\n\n* Xuất xứ: Nhập khẩu\n\n* Mục đích: Trang trí quán cafe, văn phòng, trồng tiểu cảnh terrarium…\n\n* Trang trí: Đa dạng', NULL, NULL, NULL, 1000, 0),
(88, 4, NULL, 'Cầu Treo Thủy Tinh 10cm', 70000, 0, 0, 0, '/Default.png', '[\"\\/Products\\/QGD008.jpg\",\"\\/Products\\/QGD008-1.jpg\",\"\\/Products\\/QGD008-2.jpg\",\"\\/Products\\/QGD008-3.jpg\"]', 'Mục đích: Trang trí quán cafe, văn phòng, trồng tiểu cảnh terrarium…', '* Hình dáng: Quả cầu treo (có đế)\n\n* Kích thước:  10 x 10 cm\n\n* Xuất xứ: Nhập khẩu\n	\n* Mục đích: Trang trí quán cafe, văn phòng, trồng tiểu cảnh terrarium…\n\n* Trang trí: Đa dạng', NULL, NULL, NULL, 1000, 0),
(89, 4, NULL, 'Bình Thủy Tinh Cầu Chụp', 180000, 0, 0, 0, '/Default.png', '[\"\\/Products\\/QGD009.jpg\",\"\\/Products\\/QGD009-1.jpg\",\"\\/Products\\/QGD009-2.jpg\",\"\\/Products\\/QGD009-3.jpg\"]', 'Mục đích: Trang trí quán cafe, văn phòng, trồng tiểu cảnh terrarium…', '* Hình dáng: Quả cầu đế trụ ( có thể tháo rời)\n\n* Kích thước:  16 x 20 x 10 cm\n\n* Xuất xứ: Nhập khẩu\n\n* Mục đích: Trang trí quán cafe, văn phòng, trồng tiểu cảnh terrarium…\n\n* Trang trí: Đa dạng', NULL, NULL, NULL, 1000, 0),
(90, 4, NULL, 'Bình Trứng Thủy Tinh Size L', 200000, 0, 0, 0, '/Default.png', '[\"\\/Products\\/QGD010.jpg\",\"\\/Products\\/QGD010-1.jpg\",\"\\/Products\\/QGD010-2.jpg\",\"\\/Products\\/QGD010-3.jpg\"]', 'Mục đích: Trang trí quán cafe, văn phòng, trồng tiểu cảnh terrarium…', '* Hình dáng: Quả trứng\n\n* Kích thước:  15 x 18 cm\n\n* Xuất xứ: Nhập khẩu\n\n* Mục đích: Trang trí quán cafe, văn phòng, trồng tiểu cảnh terrarium…\n\n* Trang trí: Đa dạng', NULL, NULL, NULL, 1000, 0),
(91, 4, NULL, 'Bình Trứng Thủy Tinh Size M', 150000, 0, 0, 0, '/Default.png', '[\"\\/Products\\/QGD011.jpg\",\"\\/Products\\/QGD011-1.jpg\",\"\\/Products\\/QGD011-2.jpg\",\"\\/Products\\/QGD011-3.jpg\"]', 'Mục đích: Trang trí quán cafe, văn phòng, trồng tiểu cảnh terrarium…', '* Hình dáng: Quả trứng\n\n* Kích thước:  12 x 15 cm\n\n* Xuất xứ: Nhập khẩu\n\n* Mục đích: Trang trí quán cafe, văn phòng, trồng tiểu cảnh terrarium…\n\n* Trang trí: Đa dạng', NULL, NULL, NULL, 1000, 0),
(92, 4, NULL, 'Bình Trứng Thủy Tinh Size S', 90000, 0, 0, 0, '/Default.png', '[\"\\/Products\\/QGD012.jpg\",\"\\/Products\\/QGD012-1.jpg\",\"\\/Products\\/QGD012-2.jpg\",\"\\/Products\\/QGD012-3.jpg\"]', 'Mục đích: Trang trí quán cafe, văn phòng, trồng tiểu cảnh terrarium…', '* Hình dáng: Quả trứng\n\n* Kích thước:  9.5 x 11 cm\n\n* Xuất xứ: Nhập khẩu\n\n* Mục đích: Trang trí quán cafe, văn phòng, trồng tiểu cảnh terrarium…\n\n* Trang trí: Đa dạng', NULL, NULL, NULL, 1000, 0),
(93, 5, NULL, 'Cây mệnh thủy - Cây lưỡi hổ', 65000, 0, 0, 0, '/Default.png', '[\"\\/Products\\/QGK001.jpg\",\"\\/Products\\/QGK001-1.jpg\",\"\\/Products\\/QGK001-2.jpg\",\"\\/Products\\/QGK001-3.jpg\"]', 'Mục đích: Trang trí quán cafe, văn phòng, trồng tiểu cảnh…', '* Xuất xứ: Nhập khẩu\n\n* Mục đích: Trang trí quán cafe, văn phòng, trồng tiểu cảnh…\n\n* Trang trí: Đa dạng\n\nNếu chấm điểm năng lượng phong thủy thì cây lưỡi hổ đạt điểm 9 chẳng cây nào đạt điểm 10. Ngoài ra nguồn năng lượng bảo vệ của nó cũng được đánh giá cao không kém. \n\nBạn có thể đặt cây ở nơi làm việc, hoặc phòng khách, phòng ngủ đều được. Đặt ở bàn cá nhân hay phòng khách giúp chiêu tài hút lộc cho gia chủ. Còn ở phòng ngủ sẽ giúp bạn có giấc ngủ sâu vì khả năng cung cấp nguồn oxy cực lớn.\n\n* CÁCH CHĂM SÓC CÂY LƯỠI HỔ\nCó thể nói cây lưỡi hổ là một loài cây cảnh cực kỳ dễ chăm sóc, ít nước cũng được, nhiều nước cũng xong, ít nắng cũng được nhiều nắng thì tốt.\n\n* ĐẤT TRỒNG\nLoại đất trồng phù hợp để cây phát triển nhanh nhất là loại đất có nhiều độ mùn cao và thoáng khi, như đất có tỷ lệ sơ dừa cao nhưng phải diệt nấm mốc vì trong sơ dừa có khá nhiều nấm mốc.\n\n* NƯỚC\nCây có thể chịu được hạn tốt, tuy nhiên cách tưới nước tốt nhất là 2 lần/ tuần vào mùa hè nóng và 1 lần/tuần khi trời mát, mỗi lần bạn tưới đủ ẩm đất. Mức độ tưới nước còn tùy theo điều kiện môi trường không khí, đất nếu đất giữ ẩm tốt, khí hậu ẩm, lạnh thì cây sẽ cần ít nước hơn vào mùa hè không khí khô nóng.\n\n* ÁNH SÁNG\nCây có thể chịu được ánh sáng trực tiếp giữa trưa nắng, nhưng ánh sáng lúc này cũng không hề tốt nên tốt nhất có để ngoài trời thì bạn cũng nên che cho cây lúc có nắng mùa hè buổi trưa. Cây thích hợp nhất là để bán râm và vẫn có thể phát triển trong môi trường chỉ có đèn huỳnh quang.', NULL, NULL, NULL, 1000, 0),
(94, 5, NULL, 'Cây mệnh hỏa - Cây kim tiền', 65000, 0, 0, 0, '/Default.png', '[\"\\/Products\\/QGK002.jpg\",\"\\/Products\\/QGK002-1.jpg\",\"\\/Products\\/QGK002-2.jpg\",\"\\/Products\\/QGK002-3.jpg\"]', 'Mục đích: Trang trí quán cafe, văn phòng, trồng tiểu cảnh…', '* Xuất xứ: Nhập khẩu\n\n* Mục đích: Trang trí quán cafe, văn phòng, trồng tiểu cảnh…\n\n* Trang trí: Đa dạng\n\nLoài cây này rất quen thuộc với những người làm kinh doanh chứ không riêng gì người mệnh Hỏa. Thực tế đây không phải là loài cây bản mệnh của người mệnh Hỏa mà đây là cây của người mệnh Mộc. Tuy nhiên, mệnh Hỏa và mệnh Mộc có sự tương sinh với nhau nên có thể sử dụng chung loài cây này. Bởi vậy khi tìm kiếm cây phong thủy mệnh Hỏa thì bạn cũng có thể tham khảo cây hợp mệnh Mộc.\n\n* CHĂM SÓC CÂY KIM TIỀN\nCây kim tiền hay kim phát tài là loại cây rất dễ sống không cần đòi hỏi phải chăm sóc quá kỹ lưỡng, hơn nữa cây rất ít sâu bệnh và phát triển mạnh.\n\n* ĐẤT TRỒNG\nLà cây dễ sống nên thích nghi với nhiều loài đât. Nhưng tốt nhất là chọn lựa đất màu mỡ, giàu mùn, tơi xốp và thoát nước nhanh. Chẳng hạn kết hợp pha trộn đất phù sa với 1/3 lượng trấu (có trấu hun thì càng tốt ) và trộn thêm xỉ than để cây kim tiền dễ dàng thoát nước ngoài ra trộn thêm một ít lân để kích thích sự ra rễ. Tuy nhiên sau một thời gian trồng cây cũng nên thường xuyên bón thêm phân định kỳ 4 tuần/ 1 lần, ngoài ra 4-5 tháng nên thay đất hoặc xới xáo cho đất được tơi xốp để cây được sinh trưởng tốt hơn.\n\n* NƯỚC\nTuy thuộc loại cây mọng nước nhưng Cây kim tiền chịu hạn kém. Yêu cầu lượng nước tưới vừa phải, không cần quá nhiều. Trung bình cây đặt trong văn phòng tuần chỉ tưới 1 lần là đủ. Tránh tưới nước quá nhiều gây úng rễ, thối củ, mục nát thân cây gây chết cây. Tốt nhất nên dùng bình xịt lên lá, thân, đất để toàn cây được tươi mát và ẩm. Nếu trồng trong phòng có máy lạnh, lượng nước tưới phải giảm đáng kể.\n\n* ÁNH SÁNG\nKim phát tài thích ánh sáng tốt, tránh ánh sáng mặt trời trực tiếp, có thể phát triển bình thường trong điều kiện bóng râm. Không nên đặt cây dưới ánh nắng trực tiếp và nên có lưới che để tránh nước mưa vào cây sẻ gây hiện tượng cây bị thối và vàng lá, thậm chí gây chết cây.', NULL, NULL, NULL, 1000, 0),
(95, 5, NULL, 'Cây mệnh thổ - Sen đá mặt trăng', 50000, 0, 0, 0, '/Default.png', '[\"\\/Products\\/QGK003.jpg\",\"\\/Products\\/QGK003-1.jpg\",\"\\/Products\\/QGK003-2.jpg\",\"\\/Products\\/QGK003-3.jpg\"]', 'Mục đích: Trang trí quán cafe, văn phòng, trồng tiểu cảnh…', '* Xuất xứ: Nhập khẩu\n\n* Mục đích: Trang trí quán cafe, văn phòng, trồng tiểu cảnh…\n\n* Trang trí: Đa dạng\n\nCây Sen Đá Mặt Trăng phù hợp với người mệnh kim và thổ giúp mang đến tiền tài và danh vọng. Cây phù hợp làm cây để bàn, trang trí quán cà phê, cửa sổ...\n\n* CÁCH CHĂM SÓC CÂY SEN ĐÁ MẶT TRĂNG\nCây ưa nắng nhẹ không thích nước, nên cung cấp đủ nắng để cây có màu sắc đẹp, khi để ở vị trí phù hợp như trước hiên nhà, ban công có mái che thì gần như không phải chăm sóc nhiều cho cây.\n\n* ĐẤT TRỒNG\nLoại đất phù hợp với cây Sen Đá Mặt Trăng là loại thoát nước như vẫn giữ ẩm hơi ẩm, bạn có thể dùng sỉ than đun rồi đập vụn rồi dùng giá lọc bỏ những hạt vụn trộn với đất theo tỷ lệ 2 : 1 hoặc trồng nguyên bằng sỉ than cũng được, bạn có thể trộn thêm cho đất các chất dinh dưỡng như phân bò, sơ dừa, tro…\n\n* NƯỚC\nCây chỉ cần 1 tuần tưới nước một lần mỗi lần đủ ẩm đất, đa phần sẽ là như vậy còn tùy theo điều kiện và chất đất, không gian đất. Ví dụ đất ít và không giữ ẩm thì 1 tuần tưới có thể tưới 2 -3 lần, nếu đất nhiều như trồng ở vườn thì có thể cả tháng bạn mới phát tưới vì cây có thể phát triển dễ và hút nước ở trong đất.\n\n* NHIỆT ĐỘ, ÁNH SÁNG\nNhiệt độ thích hợp để Sen Đá Mặt Trăng phát triển mạnh nhất là từ 15 – 28 độ C, cây sẽ chậm phát triển khi dưới 10 độ và trên 35 độ, có thể chết ở 0 độ và 40 độ C , chính vì thể bạn nên tránh ánh sáng buổi trưa mùa hè ở Miền Bắc và Miền Nam. Cây Sen Đá thích ánh sáng buổi sớm và chiều muộn.', NULL, NULL, NULL, 1000, 0),
(96, 5, NULL, 'Cây mệnh mộc - Cây ngọc bích', 65000, 0, 0, 0, '/Default.png', '[\"\\/Products\\/QGK004.jpg\",\"\\/Products\\/QGK004-1.jpg\",\"\\/Products\\/QGK004-2.jpg\",\"\\/Products\\/QGK004-3.jpg\"]', 'Mục đích: Trang trí quán cafe, văn phòng, trồng tiểu cảnh…', '* Xuất xứ: Nhập khẩu\n\n* Mục đích: Trang trí quán cafe, văn phòng, trồng tiểu cảnh…\n\n* Trang trí: Đa dạng\n\nCây ngọc bích là cây tượng trưng cho sự phú quý, cây tình bạn, cây may mắn. Với ý nghĩa phong thủy đối với mệnh Mộc, cành lá tượng trưng cho tiền bạc. Cây có ý nghĩa giàu sang và ấm no nhiều hơn khi ra hoa.\n\nChính vì điều này mà những người yêu thích cây ngọc bích thường đặt nó ở quầy thu ngân và máy đếm tiền hoặc bày trí cây ở cửa ra vào tại các cửa hàng, nhằm hứng tài lộc về cho gia chủ. Ngoài ra, cây còn có tác dụng tốt về mặt sức khỏe vì vậy bạn có thể lựa chọn cây để trong trong ngôi nhà của mình.\n\n* Công dụng Cây Ngọc bích\nCây chịu được bóng râm, có thể sống tốt trong nhà với ánh đèn huỳnh quang nên được trồng nhiều trong chậu trang trí nơi bàn làm việc. Màu xanh mát của lá tạo sự dễ chịu, thoải mái cho người trồng. Cây giúp giảm căng thẳng sau những ngày làm việc vất vả, hút bớt năng lượng xấu từ máy tính hoặc thiết bị điện tử.\n\n* Ý nghĩa cây Ngọc bích\nCây Ngọc bích còn được gọi là cây phỉ thúy, cây tình bạn, cây may mắn – cùng tên tiếng Anh với cây kim tiền là Money Plant. Những chiếc lá nhỏ tròn hình đồng xu tượng trưng cho tiền bạc, lá càng xanh mướt như ngọc càng thể hiện sự giàu sang, no ấm.\n\nCây rất hợp với người mệnh Mộc bởi màu xanh ngọc của lá cộng với viền màu đỏ, khi trồng cây nên đặt ở hướng Đông Nam để phát huy tối đa ý nghĩa phong thủy.\n\nTránh chọn chậu cây màu trắng vì màu này thuộc hành Kim sẽ khắc Mộc.', NULL, NULL, NULL, 1000, 0),
(97, 5, NULL, 'Cây mệnh kim - Cây lan chi', 65000, 0, 0, 0, '/Default.png', '[\"\\/Products\\/QGK005.jpg\",\"\\/Products\\/QGK005-1.jpg\",\"\\/Products\\/QGK005-2.jpg\",\"\\/Products\\/QGK005-3.jpg\"]', 'Mục đích: Trang trí quán cafe, văn phòng, trồng tiểu cảnh…', '* Xuất xứ: Nhập khẩu\n\n* Mục đích: Trang trí quán cafe, văn phòng, trồng tiểu cảnh…\n\n* Trang trí: Đa dạng\n\nNếu chấm điểm năng lượng phong thủy thì cây lưỡi hổ đạt điểm 9 chẳng cây nào đạt điểm 10. Ngoài ra nguồn năng lượng bảo vệ của nó cũng được đánh giá cao không kém. \n\nBạn có thể đặt cây ở nơi làm việc, hoặc phòng khách, phòng ngủ đều được. Đặt ở bàn cá nhân hay phòng khách giúp chiêu tài hút lộc cho gia chủ. Còn ở phòng ngủ sẽ giúp bạn có giấc ngủ sâu vì khả năng cung cấp nguồn oxy cực lớn.\n\n* Ý nghĩa phong thủy của cây cỏ lan chi\nCỏ lan chi đươc coi là loại cỏ mang đến may mắn cho người sở hữu chúng. Theo quan niệm trước đây, cây cỏ lan chi có khả năng trừ tà, mang đến niềm vui trong cuộc sống.\n\n* Công dụng của cây cỏ lan chi\nCây cỏ lan chi được sử dụng nhiều để trồng làm thảm trong sân vườn, hoặc đặt trong nhà. Bạn hãy thử đặt một chậu cỏ lan chi trên bàn làm việc của mình để biết được những điều máy mắn sắp đền với mình nào!\n\n* Đối tượng hay sử dụng cây cỏ lan chi\nThường được dân văn phòng , giới ngân hàng, trong khách sạn, trong nhà hàng, trên ban công , các chung cư, các biệt thự, các gia đình, khu nhà phố …. yêu thích và sử dụng nhiều nhất', NULL, NULL, NULL, 1000, 0),
(98, 6, NULL, 'Trầu Bà Vàng', 45000, 0, 0, 0, '/Default.png', '[\"\\/Products\\/QGA001.jpg\",\"\\/Products\\/QGA001-1.jpg\",\"\\/Products\\/QGA001-2.jpg\",\"\\/Products\\/QGA001-3.jpg\"]', 'Đặc điểm: Cây sống không cần đất, sống được trong môi trường máy lạnh, ánh sáng đèn, giếng trời, cửa sổ… phát triển chậm, không cần nhiều dinh dưỡng.', '* Chiều cao: 4-6 cm\n\n* Đặc điểm: Cây sống không cần đất, sống được trong môi trường máy lạnh, ánh sáng đèn, giếng trời, cửa sổ… phát triển chậm, không cần nhiều dinh dưỡng.\n\n* Giá thể: Mút xốp + Nước\n\n* Thời gian sống: Trên 1 năm\n\n* Mức độ dễ sống:  9/10\n	\n* Cách trồng: Trồng tiểu cảnh, trồng đơn, trồng kết hợp nhiều cây. (Xem thêm tại mục “cây cảnh để bàn” & “Tiểu cảnh để bàn”)\n\n* Nơi trồng: Những nơi thoáng mát.', NULL, NULL, NULL, 1000, 0),
(99, 6, NULL, 'Trầu Bà Tim Xanh', 45000, 0, 0, 0, '/Default.png', '[\"\\/Products\\/QGA002.jpg\",\"\\/Products\\/QGA002-1.jpg\",\"\\/Products\\/QGA002-2.jpg\",\"\\/Products\\/QGA002-3.jpg\"]', 'Đặc điểm: Cây sống không cần đất, sống được trong môi trường máy lạnh, ánh sáng đèn, giếng trời, cửa sổ… phát triển chậm, không cần nhiều dinh dưỡng.', '* Chiều cao: 4-6 cm\n\n* Đặc điểm: Cây sống không cần đất, sống được trong môi trường máy lạnh, ánh sáng đèn, giếng trời, cửa sổ… phát triển chậm, không cần nhiều dinh dưỡng.\n\n* Giá thể: Mút xốp + Nước\n\n* Thời gian sống: Trên 1 năm\n\n* Mức độ dễ sống:  10/10\n	\n* Cách trồng: Trồng tiểu cảnh, trồng đơn, trồng kết hợp nhiều cây. (Xem thêm tại mục “cây cảnh để bàn” & “Tiểu cảnh để bàn”)\n\n* Nơi trồng: Những nơi thoáng mát.', NULL, NULL, NULL, 1000, 0),
(100, 6, NULL, 'Đinh Lăng Cẩm Thạch', 45000, 0, 0, 0, '/Default.png', '[\"\\/Products\\/QGA003.jpg\",\"\\/Products\\/QGA003-1.jpg\",\"\\/Products\\/QGA003-2.jpg\",\"\\/Products\\/QGA003-3.jpg\"]', 'Đặc điểm: Cây sống không cần đất, sống được trong môi trường máy lạnh, ánh sáng đèn, giếng trời, cửa sổ… phát triển chậm, không cần nhiều dinh dưỡng.', '* Chiều cao: 8-10 cm\n\n* Đặc điểm: Cây sống không cần đất, sống được trong môi trường máy lạnh, ánh sáng đèn, giếng trời, cửa sổ… phát triển chậm, không cần nhiều dinh dưỡng.\n\n* Giá thể: Mút xốp + Nước\n\n* Thời gian sống: Trên 6 năm\n\n* Mức độ dễ sống:  7/10\n	\n* Cách trồng: Trồng tiểu cảnh, trồng đơn, trồng kết hợp nhiều cây. (Xem thêm tại mục “cây cảnh để bàn” & “Tiểu cảnh để bàn”)\n\n* Nơi trồng: Những nơi thoáng mát.', NULL, NULL, NULL, 1000, 0),
(101, 6, NULL, 'Trầu Bà Tim Sọc Vàng', 45000, 0, 0, 0, '/Default.png', '[\"\\/Products\\/QGA004.jpg\",\"\\/Products\\/QGA004-1.jpg\",\"\\/Products\\/QGA004-2.jpg\",\"\\/Products\\/QGA004-3.jpg\"]', 'Đặc điểm: Cây sống không cần đất, sống được trong môi trường máy lạnh, ánh sáng đèn, giếng trời, cửa sổ… phát triển chậm, không cần nhiều dinh dưỡng.', '* Chiều cao: 4-6 cm\n\n* Đặc điểm: Cây sống không cần đất, sống được trong môi trường máy lạnh, ánh sáng đèn, giếng trời, cửa sổ… phát triển chậm, không cần nhiều dinh dưỡng.\n\n* Giá thể: Mút xốp + Nước\n\n* Thời gian sống: Trên 6 năm\n\n* Mức độ dễ sống:  10/10\n	\n* Cách trồng: Trồng tiểu cảnh, trồng đơn, trồng kết hợp nhiều cây. (Xem thêm tại mục “cây cảnh để bàn” & “Tiểu cảnh để bàn”)\n\n* Nơi trồng: Những nơi thoáng mát.', NULL, NULL, NULL, 1000, 0),
(102, 6, NULL, 'Bạc Hà Mini', 45000, 0, 0, 0, '/Default.png', '[\"\\/Products\\/QGA005.jpg\",\"\\/Products\\/QGA005-1.jpg\",\"\\/Products\\/QGA005-2.jpg\",\"\\/Products\\/QGA005-3.jpg\"]', 'Đặc điểm: Cây sống không cần đất, sống được trong môi trường máy lạnh, ánh sáng đèn, giếng trời, cửa sổ… phát triển chậm, không cần nhiều dinh dưỡng.', '* Chiều cao: 4-6 cm\n\n* Đặc điểm: Cây sống không cần đất, sống được trong môi trường máy lạnh, ánh sáng đèn, giếng trời, cửa sổ… phát triển chậm, không cần nhiều dinh dưỡng.\n\n* Giá thể: Mút xốp + Nước\n\n* Thời gian sống: Trên 1 năm\n\n* Mức độ dễ sống:  8/10\n	\n* Cách trồng: Trồng tiểu cảnh, trồng đơn, trồng kết hợp nhiều cây. (Xem thêm tại mục “cây cảnh để bàn” & “Tiểu cảnh để bàn”)\n\n* Nơi trồng: Những nơi thoáng mát.', NULL, NULL, NULL, 1000, 0),
(103, 6, NULL, 'Lá May Mắn Xanh', 45000, 0, 0, 0, '/Default.png', '[\"\\/Products\\/QGA006.jpg\",\"\\/Products\\/QGA006-1.jpg\",\"\\/Products\\/QGA006-2.jpg\",\"\\/Products\\/QGA006-3.jpg\"]', 'Đặc điểm: Cây sống không cần đất, sống được trong môi trường máy lạnh, ánh sáng đèn, giếng trời, cửa sổ… phát triển chậm, không cần nhiều dinh dưỡng.', '* Chiều cao: 4-6 cm\n\n* Đặc điểm: Cây sống không cần đất, sống được trong môi trường máy lạnh, ánh sáng đèn, giếng trời, cửa sổ… phát triển chậm, không cần nhiều dinh dưỡng.\n\n* Giá thể: Mút xốp + Nước\n\n* Thời gian sống: Trên 6 năm\n\n* Mức độ dễ sống:  7/10\n	\n* Cách trồng: Trồng tiểu cảnh, trồng đơn, trồng kết hợp nhiều cây. (Xem thêm tại mục “cây cảnh để bàn” & “Tiểu cảnh để bàn”)\n\n* Nơi trồng: Những nơi thoáng mát.', NULL, NULL, NULL, 1000, 0),
(104, 6, NULL, 'Cây Croton Đốm Vàng', 45000, 0, 0, 0, '/Default.png', '[\"\\/Products\\/QGA007.jpg\",\"\\/Products\\/QGA007-1.jpg\",\"\\/Products\\/QGA007-2.jpg\",\"\\/Products\\/QGA007-3.jpg\"]', 'Đặc điểm: Cây sống không cần đất, sống được trong môi trường máy lạnh, ánh sáng đèn, giếng trời, cửa sổ… phát triển chậm, không cần nhiều dinh dưỡng.', '* Tên gọi khác: Vàng Anh\n\n* Chiều cao: 7-9 cm\n\n* Đặc điểm: Cây sống không cần đất, sống được trong môi trường máy lạnh, ánh sáng đèn, giếng trời, cửa sổ… phát triển chậm, không cần nhiều dinh dưỡng.\n\n* Giá thể: Mút xốp + Nước\n\n* Thời gian sống: Trên 1 năm\n\n* Mức độ dễ sống:  7/10\n	\n* Cách trồng: Trồng tiểu cảnh, trồng đơn, trồng kết hợp nhiều cây. (Xem thêm tại mục “cây cảnh để bàn” & “Tiểu cảnh để bàn”)\n\n* Nơi trồng: Những nơi thoáng mát.', NULL, NULL, NULL, 1000, 0),
(105, 6, NULL, 'Cây Trúc Nhật Mini', 50000, 0, 0, 0, '/Default.png', '[\"\\/Products\\/QGA008.jpg\",\"\\/Products\\/QGA008-1.jpg\",\"\\/Products\\/QGA008-2.jpg\",\"\\/Products\\/QGA008-3.jpg\"]', 'Đặc điểm: Cây sống không cần đất, sống được trong môi trường máy lạnh, ánh sáng đèn, giếng trời, cửa sổ… phát triển chậm, không cần nhiều dinh dưỡng.', '* Chiều cao: 7-15 cm\n\n* Đặc điểm: Cây sống không cần đất, sống được trong môi trường máy lạnh, ánh sáng đèn, giếng trời, cửa sổ… phát triển chậm, không cần nhiều dinh dưỡng.\n\n* Giá thể: Mút xốp + Nước\n\n* Thời gian sống: Trên 1 năm\n\n* Mức độ dễ sống:  9/10\n	\n* Cách trồng: Trồng đơn, trồng kết hợp nhiều cây, trồng tiểu cảnh terrarium chậu lớn. (Xem thêm tại mục “cây cảnh để bàn” & “Tiểu cảnh để bàn”)\n\n* Nơi trồng: Những nơi thoáng mát.\n', NULL, NULL, NULL, 1000, 0),
(106, 6, NULL, 'Cây Phú Quý Mini', 45000, 0, 0, 0, '/Default.png', '[\"\\/Products\\/QGA009.jpg\",\"\\/Products\\/QGA009-1.jpg\",\"\\/Products\\/QGA009-2.jpg\",\"\\/Products\\/QGA009-3.jpg\"]', 'Đặc điểm: Cây sống không cần đất, sống được trong môi trường máy lạnh, ánh sáng đèn, giếng trời, cửa sổ… phát triển chậm, không cần nhiều dinh dưỡng.', '* Chiều cao: 7-15 cm\n\n* Đặc điểm: Cây sống không cần đất, sống được trong môi trường máy lạnh, ánh sáng đèn, giếng trời, cửa sổ… phát triển chậm, không cần nhiều dinh dưỡng.\n\n* Giá thể: Mút xốp + Nước\n\n* Thời gian sống: Trên 1 năm\n\n* Mức độ dễ sống:  9/10\n	\n* Cách trồng: Trồng đơn, trồng kết hợp nhiều cây. (Xem thêm tại mục “cây cảnh để bàn”)\n\n* Nơi trồng: Những nơi thoáng mát.', NULL, NULL, NULL, 1000, 0),
(107, 6, NULL, 'Cây Kim Ngân Mini', 50000, 0, 0, 0, '/Default.png', '[\"\\/Products\\/QGA010.jpg\",\"\\/Products\\/QGA010-1.jpg\",\"\\/Products\\/QGA010-2.jpg\",\"\\/Products\\/QGA010-3.jpg\"]', 'Đặc điểm: Cây sống không cần đất, sống được trong môi trường máy lạnh, ánh sáng đèn, giếng trời, cửa sổ… phát triển chậm, không cần nhiều dinh dưỡng.', '* Chiều cao: 7-15 cm\n\n* Đặc điểm: Cây sống không cần đất, sống được trong môi trường máy lạnh, ánh sáng đèn, giếng trời, cửa sổ… phát triển chậm, không cần nhiều dinh dưỡng.\n\n* Giá thể: Mút xốp + Nước\n\n* Thời gian sống: Trên 1 năm\n\n* Mức độ dễ sống:  10/10\n	\n* Cách trồng: Trồng tiểu cảnh, trồng đơn, trồng kết hợp nhiều cây. (Xem thêm tại mục “cây cảnh để bàn” & “Tiểu cảnh để bàn”)\n\n* Nơi trồng: Những nơi thoáng mát.', NULL, NULL, NULL, 1000, 0),
(108, 6, NULL, 'Cây Đô La Mini', 45000, 0, 0, 0, '/Default.png', '[\"\\/Products\\/QGA011.jpg\",\"\\/Products\\/QGA011-1.jpg\",\"\\/Products\\/QGA011-2.jpg\",\"\\/Products\\/QGA011-3.jpg\"]', 'Đặc điểm: Cây sống không cần đất, sống được trong môi trường máy lạnh, ánh sáng đèn, giếng trời, cửa sổ… phát triển chậm, không cần nhiều dinh dưỡng.', '* Chiều cao: 6-8 cm\n\n* Đặc điểm: Cây sống không cần đất, sống được trong môi trường máy lạnh, ánh sáng đèn, giếng trời, cửa sổ… phát triển chậm, không cần nhiều dinh dưỡng.\n\n* Giá thể: Mút xốp + Nước\n\n* Thời gian sống: Trên 1 năm\n\n* Mức độ dễ sống:  9/10\n	\n* Cách trồng: Trồng tiểu cảnh, trồng đơn, trồng kết hợp nhiều cây. (Xem thêm tại mục “cây cảnh để bàn” & “Tiểu cảnh để bàn”)\n\n* Nơi trồng: Những nơi thoáng mát.', NULL, NULL, NULL, 1000, 0),
(109, 6, NULL, 'Da Nhật Mini', 45000, 0, 0, 0, '/Default.png', '[\"\\/Products\\/QGA012.jpg\",\"\\/Products\\/QGA012-1.jpg\",\"\\/Products\\/QGA012-2.jpg\",\"\\/Products\\/QGA012-3.jpg\"]', 'Đặc điểm: Cây sống không cần đất, sống được trong môi trường máy lạnh, ánh sáng đèn, giếng trời, cửa sổ… phát triển chậm, không cần nhiều dinh dưỡng.', '* Chiều cao: 6-10 cm\n\n* Đặc điểm: Cây sống không cần đất, sống được trong môi trường máy lạnh, ánh sáng đèn, giếng trời, cửa sổ… phát triển chậm, không cần nhiều dinh dưỡng.\n\n* Giá thể: Mút xốp + Nước\n\n* Thời gian sống: Trên 1 năm\n\n* Mức độ dễ sống:  9/10\n	\n* Cách trồng: Trồng tiểu cảnh, trồng đơn, trồng kết hợp nhiều cây. (Xem thêm tại mục “cây cảnh để bàn” & “Tiểu cảnh để bàn”)\n\n* Nơi trồng: Những nơi thoáng mát.', NULL, NULL, NULL, 1000, 0);

DROP TABLE IF EXISTS `ReceivedContact`;
CREATE TABLE IF NOT EXISTS `ReceivedContact` (
  `ContactID` int(5) NOT NULL AUTO_INCREMENT,
  `UserName` varchar(200) COLLATE utf8_unicode_ci NOT NULL,
  `UserMail` varchar(200) COLLATE utf8_unicode_ci NOT NULL,
  `FromUserID` int(5) DEFAULT NULL,
  `ContactSubject` text COLLATE utf8_unicode_ci NOT NULL,
  `ContactMessage` text COLLATE utf8_unicode_ci NOT NULL,
  PRIMARY KEY (`ContactID`)
) ENGINE=InnoDB DEFAULT CHARSET=utf8 COLLATE=utf8_unicode_ci;

DROP TABLE IF EXISTS `SiteInfo`;
CREATE TABLE IF NOT EXISTS `SiteInfo` (
  `SiteName` varchar(200) COLLATE utf8_unicode_ci NOT NULL,
  `About` text COLLATE utf8_unicode_ci NOT NULL,
  `ContactAddress` text COLLATE utf8_unicode_ci NOT NULL,
  `ContactPhoneLine` varchar(20) COLLATE utf8_unicode_ci NOT NULL,
  `CustomerCareLine` varchar(20) COLLATE utf8_unicode_ci NOT NULL,
  `ContactMail` varchar(200) COLLATE utf8_unicode_ci NOT NULL,
  `FacebookSocial` varchar(200) COLLATE utf8_unicode_ci DEFAULT NULL,
  `GoogleSocial` varchar(200) COLLATE utf8_unicode_ci DEFAULT NULL,
  `IGSocial` varchar(200) COLLATE utf8_unicode_ci DEFAULT NULL,
  `YoutubeSocial` varchar(200) COLLATE utf8_unicode_ci DEFAULT NULL,
  `SiteKeyword` text COLLATE utf8_unicode_ci DEFAULT NULL
) ENGINE=InnoDB DEFAULT CHARSET=utf8 COLLATE=utf8_unicode_ci;

INSERT INTO `SiteInfo` (`SiteName`, `About`, `ContactAddress`, `ContactPhoneLine`, `CustomerCareLine`, `ContactMail`, `FacebookSocial`, `GoogleSocial`, `IGSocial`, `YoutubeSocial`, `SiteKeyword`) VALUES
('QGarden - For Your Own Green', 'Chúng tôi mang đến cho bạn một không gian xanh mát, sáng tạo. Một không gian không còn ồn ào, bụi bặm và rời xa những lo toan của cuộc sống. QGarden - Mang màu xanh đồng hành cùng bạn.', 'The Luxury, Vinhomes Golden River', '1800 2010 148', '(08) 2010 1408', 'sonldn@lmsq.vn', 'https://fb.me/karry2811', 'sonldn@lmsq.vn', 'https://www.instagram.com/le_minh_son_2010/', 'https://www.youtube.com/channel/UCU3dOCS96xbkdwph9oVUibQ?view_as=subscriber', NULL);

DROP TABLE IF EXISTS `SubCategory`;
CREATE TABLE IF NOT EXISTS `SubCategory` (
  `SubCategoryID` int(4) NOT NULL AUTO_INCREMENT,
  `CategoryID` int(4) NOT NULL,
  `SubCategoryName` varchar(200) COLLATE utf8_unicode_ci NOT NULL,
  `SubCategoryURI` varchar(200) COLLATE utf8_unicode_ci NOT NULL,
  `SubCategoryDefaultImage` varchar(200) COLLATE utf8_unicode_ci NOT NULL DEFAULT 'Default.png',
  `SubCategoryTotalProduct` int(5) NOT NULL,
  PRIMARY KEY (`SubCategoryID`),
  KEY `FK_SubCategory_In_CategoryID` (`CategoryID`)
) ENGINE=InnoDB DEFAULT CHARSET=utf8 COLLATE=utf8_unicode_ci;

DROP TABLE IF EXISTS `Users`;
CREATE TABLE IF NOT EXISTS `Users` (
  `UserID` int(5) NOT NULL AUTO_INCREMENT,
  `UserLogin` varchar(200) COLLATE utf8_unicode_ci NOT NULL,
  `UserPass` varchar(200) COLLATE utf8_unicode_ci NOT NULL,
  `UserName` varchar(200) COLLATE utf8_unicode_ci NOT NULL,
  `UserMail` varchar(200) COLLATE utf8_unicode_ci NOT NULL,
  `UserBirthday` int(10) DEFAULT NULL,
  `UserAddress` varchar(200) COLLATE utf8_unicode_ci DEFAULT NULL,
  `UserPhoneNumber` varchar(10) COLLATE utf8_unicode_ci NOT NULL,
  `UserRegisterDate` int(10) NOT NULL,
  `UserPermission` tinyint(1) NOT NULL,
  `UserAvatar` varchar(200) COLLATE utf8_unicode_ci NOT NULL DEFAULT 'AvatarDefault.png',
  PRIMARY KEY (`UserID`)
) ENGINE=InnoDB AUTO_INCREMENT=25 DEFAULT CHARSET=utf8 COLLATE=utf8_unicode_ci;

INSERT INTO `Users` (`UserID`, `UserLogin`, `UserPass`, `UserName`, `UserMail`, `UserBirthday`, `UserAddress`, `UserPhoneNumber`, `UserRegisterDate`, `UserPermission`, `UserAvatar`) VALUES
(1, 'karry2811', '571ab47a04b68fd0d31c7409190b43a90a2688cf79271b8ee76df3d081eb833b', 'Lê Minh Sơn', 'sonldn@lmsq.vn', 972000000, 'Q12, HCM', '0352251113', 1575911282, 3, '/Avatar/1Img_3.jpg'),
(3, 'Jeremy', '9021ae8cb4a1f46be2fed33e4198b87f9cf0ad6f7023acbc46dfef1ab9d354bc', 'Lê Minh Sơn', 'leminhson2142@gmail.com', NULL, '196/11 Cong Hoa Street, 12 Ward, Tan Binh District', '0352251113', 1576097153, 1, '/Avatar/AvatarDefault.png'),
(6, 'hongan11', 'ddad6f494413aacf37358f38c58a11c7de49b2bc4ff454a7d832134654c7b3a0', 'hồng ân', 'an.lehonghcm1@gmail.com', 865209600, '32 thủy lợi', '0339888961', 1576512144, 4, '/Avatar/61Img_3.jpg'),
(19, 'lê hồng ân', 'ddad6f494413aacf37358f38c58a11c7de49b2bc4ff454a7d832134654c7b3a0', 'hồng ân', 'an.lehonghcm1@gmail.com', 865209600, '32 thủy lợi', '0339888961', 1576512144, 0, '/Avatar/657462738_2073654932732887_7906981074780028928_n.jpg'),
(24, 'HoangTuan', 'b1dcc518bd8dae67d929df7faef5c6708c12676e13855dde6b27a02e205093c4', 'Hoàng Tuấn', 'a8class.tvk@gmail.com', NULL, 'Q12 HCM', '0352251113', 1582726347, 1, '/Avatar/UserDHT.jpg');


ALTER TABLE `News`
  ADD CONSTRAINT `News` FOREIGN KEY (`NewsCreateByUserID`) REFERENCES `Users` (`UserID`) ON DELETE NO ACTION ON UPDATE CASCADE;

ALTER TABLE `SubCategory`
  ADD CONSTRAINT `SubCategory` FOREIGN KEY (`CategoryID`) REFERENCES `Category` (`CategoryID`) ON DELETE NO ACTION ON UPDATE CASCADE;
SET FOREIGN_KEY_CHECKS=1;
COMMIT;

/*!40101 SET CHARACTER_SET_CLIENT=@OLD_CHARACTER_SET_CLIENT */;
/*!40101 SET CHARACTER_SET_RESULTS=@OLD_CHARACTER_SET_RESULTS */;
/*!40101 SET COLLATION_CONNECTION=@OLD_COLLATION_CONNECTION */;
